-- phpMyAdmin SQL Dump
-- version 5.2.1
-- https://www.phpmyadmin.net/
--
-- Host: 127.0.0.1
-- Generation Time: Feb 02, 2026 at 10:57 AM
-- Server version: 10.4.32-MariaDB
-- PHP Version: 8.2.12

SET SQL_MODE = "NO_AUTO_VALUE_ON_ZERO";
START TRANSACTION;
SET time_zone = "+00:00";


/*!40101 SET @OLD_CHARACTER_SET_CLIENT=@@CHARACTER_SET_CLIENT */;
/*!40101 SET @OLD_CHARACTER_SET_RESULTS=@@CHARACTER_SET_RESULTS */;
/*!40101 SET @OLD_COLLATION_CONNECTION=@@COLLATION_CONNECTION */;
/*!40101 SET NAMES utf8mb4 */;

--
-- Database: `med_buddy_db`
--

-- --------------------------------------------------------

--
-- Table structure for table `appointments`
--

CREATE TABLE `appointments` (
  `id` int(11) NOT NULL,
  `doctor_id` int(11) NOT NULL,
  `patient_name` varchar(100) NOT NULL,
  `patient_email` varchar(100) NOT NULL,
  `patient_phone` varchar(20) NOT NULL,
  `appointment_date` date NOT NULL,
  `appointment_time` time NOT NULL,
  `status` enum('Pending','Confirmed','Cancelled') DEFAULT 'Pending',
  `created_at` timestamp NOT NULL DEFAULT current_timestamp()
) ENGINE=InnoDB DEFAULT CHARSET=utf8mb4 COLLATE=utf8mb4_general_ci;

--
-- Dumping data for table `appointments`
--

INSERT INTO `appointments` (`id`, `doctor_id`, `patient_name`, `patient_email`, `patient_phone`, `appointment_date`, `appointment_time`, `status`, `created_at`) VALUES
(4, 2, 'philip', 'larsebphilip476@gmail.com', '1234567890', '2026-01-11', '11:30:00', 'Confirmed', '2026-01-10 12:02:23'),
(5, 2, 'philip', 'larsebphilip476@gmail.com', '1234567890', '2026-01-11', '09:30:00', 'Pending', '2026-01-10 12:40:38'),
(6, 1, 'vinoth kumar', 'thearkeventz@gmail.com', '1234567890', '2026-01-16', '21:30:00', 'Pending', '2026-01-10 17:52:20'),
(7, 2, 'test', 'test@mail.com', '1234567890', '2026-01-12', '10:30:00', 'Confirmed', '2026-01-12 08:21:14');

-- --------------------------------------------------------

--
-- Table structure for table `doctors`
--

CREATE TABLE `doctors` (
  `id` int(11) NOT NULL,
  `doctor_identity` varchar(50) DEFAULT NULL,
  `work_type` varchar(20) DEFAULT 'Clinic',
  `clinic_name` varchar(150) DEFAULT NULL,
  `clinic_address` text DEFAULT NULL,
  `clinic_timings` varchar(100) DEFAULT NULL,
  `hospital_name` varchar(150) DEFAULT NULL,
  `designation` varchar(100) DEFAULT NULL,
  `hospital_reg_id` varchar(100) DEFAULT NULL,
  `phone_number` varchar(20) DEFAULT NULL,
  `certificate_path` varchar(255) DEFAULT NULL,
  `name` varchar(100) NOT NULL,
  `specialization` varchar(100) NOT NULL,
  `department` varchar(100) NOT NULL,
  `hospital_id` int(11) DEFAULT NULL,
  `email` varchar(100) DEFAULT NULL,
  `password` varchar(255) DEFAULT NULL,
  `image_path` varchar(255) DEFAULT 'default_doctor.png',
  `created_at` timestamp NOT NULL DEFAULT current_timestamp()
) ENGINE=InnoDB DEFAULT CHARSET=utf8mb4 COLLATE=utf8mb4_general_ci;

--
-- Dumping data for table `doctors`
--

INSERT INTO `doctors` (`id`, `doctor_identity`, `work_type`, `clinic_name`, `clinic_address`, `clinic_timings`, `hospital_name`, `designation`, `hospital_reg_id`, `phone_number`, `certificate_path`, `name`, `specialization`, `department`, `hospital_id`, `email`, `password`, `image_path`, `created_at`) VALUES
(1, NULL, 'Clinic', NULL, NULL, NULL, NULL, NULL, NULL, NULL, NULL, 'Dr. Jyotirmaya Dash', 'Senior Consultant - Interventional Cardiologist', 'Cardiac Sciences', 1, 'doc1@medbuddy.com', '123456', 'default_doctor.png', '2026-01-05 10:36:14'),
(2, NULL, 'Clinic', NULL, NULL, NULL, NULL, NULL, NULL, NULL, NULL, 'Dr. Sarah Smith', 'Consultant - Cardiac Surgeon', 'Cardiac Sciences', 1, 'doc2@medbuddy.com', '123456', 'default_doctor.png', '2026-01-05 10:36:14'),
(3, NULL, 'Clinic', NULL, NULL, NULL, NULL, NULL, NULL, NULL, NULL, 'Dr. Alex Doe', 'Senior Consultant - Neurologist', 'Neurology', 2, 'doc3@medbuddy.com', '123456', 'default_doctor.png', '2026-01-05 10:36:14'),
(4, NULL, 'Clinic', NULL, NULL, NULL, NULL, NULL, NULL, NULL, NULL, 'Dr. Emily Blunt', 'Specialist - Neurosurgeon', 'Neurology', 2, 'doc4@medbuddy.com', '123456', 'default_doctor.png', '2026-01-05 10:36:14'),
(5, NULL, 'Clinic', NULL, NULL, NULL, NULL, NULL, NULL, NULL, NULL, 'Dr. Mark Wood', 'Senior Consultant - Orthopedic Surgeon', 'Orthopedics', 3, 'doc5@medbuddy.com', '123456', 'default_doctor.png', '2026-01-05 10:36:14'),
(6, NULL, 'Clinic', NULL, NULL, NULL, NULL, NULL, NULL, NULL, NULL, 'Dr. Lisa Ray', 'Sports Medicine Specialist', 'Orthopedics', 3, 'doc6@medbuddy.com', '123456', 'default_doctor.png', '2026-01-05 10:36:14'),
(7, NULL, 'Clinic', NULL, NULL, NULL, NULL, NULL, NULL, NULL, NULL, 'Dr. John Green', 'Senior Consultant - Pediatrician', 'Pediatrics', 4, 'doc7@medbuddy.com', '123456', 'default_doctor.png', '2026-01-05 10:36:14'),
(8, NULL, 'Clinic', NULL, NULL, NULL, NULL, NULL, NULL, NULL, NULL, 'Dr. Mary Pop', 'Pediatric Surgeon', 'Pediatrics', 4, 'doc8@medbuddy.com', '123456', 'default_doctor.png', '2026-01-05 10:36:14'),
(9, NULL, 'Clinic', NULL, NULL, NULL, NULL, NULL, NULL, NULL, NULL, 'Dr. James King', 'Consultant - General Physician', 'General Medicine', 5, 'doc9@medbuddy.com', '123456', 'default_doctor.png', '2026-01-05 10:36:14'),
(10, NULL, 'Clinic', NULL, NULL, NULL, NULL, NULL, NULL, NULL, NULL, 'Dr. Anna Scott', 'Senior Consultant - Internal Medicine', 'General Medicine', 5, 'doc10@medbuddy.com', '123456', 'default_doctor.png', '2026-01-05 10:36:14'),
(15, 'DOC-2026-73TDM5', 'Clinic', 'NAme', 'address', 'Mon - Fri 6 - 9 ', '', '', '', '1234567890', 'uploads/doctors/certificates/cert_6964af6c15f86.pdf', 'philip', 'Rheumatologist', '', NULL, 'philip@medbuddy.com', '$2y$10$hIiDfHMWvUKfREMJBqkqS.SHS4qDDU3ZqVP0e1EGSVxJDyhtqzk6e', 'uploads/doctors/images/img_6964af6c161cd.jpg', '2026-01-12 08:23:08'),
(16, 'DOC-2026-QEMBO4', 'Clinic', 'yutrew', 'egrwq', 'etrwq', '', '', '', '1234567890', 'uploads/doctors/certificates/cert_6964c68a93337.pdf', 'sanjay', 'General Surgeon', '', NULL, 'sanjay@medbuddy.com', '$2y$10$YNseiSad9vtiIEeDvFvW/erYTfr9CiZqOSsHiZC897buf58QVXkte', 'uploads/doctors/images/img_6964c68a93916.jpg', '2026-01-12 10:01:46');

-- --------------------------------------------------------

--
-- Table structure for table `doctor_availability`
--

CREATE TABLE `doctor_availability` (
  `id` int(11) NOT NULL,
  `doctor_id` int(11) NOT NULL,
  `day_of_week` enum('Monday','Tuesday','Wednesday','Thursday','Friday','Saturday','Sunday') NOT NULL,
  `start_time` time NOT NULL,
  `end_time` time NOT NULL,
  `availability` varchar(100) DEFAULT NULL
) ENGINE=InnoDB DEFAULT CHARSET=utf8mb4 COLLATE=utf8mb4_general_ci;

--
-- Dumping data for table `doctor_availability`
--

INSERT INTO `doctor_availability` (`id`, `doctor_id`, `day_of_week`, `start_time`, `end_time`, `availability`) VALUES
(1, 1, 'Monday', '10:10:00', '23:10:00', '0'),
(2, 2, 'Monday', '09:00:00', '21:00:00', '1'),
(3, 3, 'Monday', '09:00:00', '17:00:00', NULL),
(4, 4, 'Monday', '09:00:00', '17:00:00', NULL),
(5, 5, 'Monday', '09:00:00', '17:00:00', NULL),
(6, 6, 'Monday', '09:00:00', '17:00:00', NULL),
(7, 7, 'Monday', '09:00:00', '17:00:00', NULL),
(8, 8, 'Monday', '09:00:00', '17:00:00', NULL),
(9, 9, 'Monday', '09:00:00', '17:00:00', NULL),
(10, 10, 'Monday', '09:00:00', '17:00:00', NULL),
(16, 1, 'Tuesday', '09:00:00', '13:03:00', '1'),
(17, 2, 'Tuesday', '09:00:00', '17:00:00', '1'),
(18, 3, 'Tuesday', '09:00:00', '17:00:00', NULL),
(19, 4, 'Tuesday', '09:00:00', '17:00:00', NULL),
(20, 5, 'Tuesday', '09:00:00', '17:00:00', NULL),
(21, 6, 'Tuesday', '09:00:00', '17:00:00', NULL),
(22, 7, 'Tuesday', '09:00:00', '17:00:00', NULL),
(23, 8, 'Tuesday', '09:00:00', '17:00:00', NULL),
(24, 9, 'Tuesday', '09:00:00', '17:00:00', NULL),
(25, 10, 'Tuesday', '09:00:00', '17:00:00', NULL),
(31, 1, 'Wednesday', '09:00:00', '11:00:00', '1'),
(32, 2, 'Wednesday', '09:00:00', '17:00:00', '0'),
(33, 3, 'Wednesday', '09:00:00', '17:00:00', NULL),
(34, 4, 'Wednesday', '09:00:00', '17:00:00', NULL),
(35, 5, 'Wednesday', '09:00:00', '17:00:00', NULL),
(36, 6, 'Wednesday', '09:00:00', '17:00:00', NULL),
(37, 7, 'Wednesday', '09:00:00', '17:00:00', NULL),
(38, 8, 'Wednesday', '09:00:00', '17:00:00', NULL),
(39, 9, 'Wednesday', '09:00:00', '17:00:00', NULL),
(40, 10, 'Wednesday', '09:00:00', '17:00:00', NULL),
(46, 1, 'Thursday', '09:00:00', '22:00:00', '1'),
(47, 2, 'Thursday', '09:00:00', '17:00:00', '0'),
(48, 3, 'Thursday', '09:00:00', '17:00:00', NULL),
(49, 4, 'Thursday', '09:00:00', '17:00:00', NULL),
(50, 5, 'Thursday', '09:00:00', '17:00:00', NULL),
(51, 6, 'Thursday', '09:00:00', '17:00:00', NULL),
(52, 7, 'Thursday', '09:00:00', '17:00:00', NULL),
(53, 8, 'Thursday', '09:00:00', '17:00:00', NULL),
(54, 9, 'Thursday', '09:00:00', '17:00:00', NULL),
(55, 10, 'Thursday', '09:00:00', '17:00:00', NULL),
(61, 1, 'Friday', '09:00:00', '22:00:00', '1'),
(62, 2, 'Friday', '09:00:00', '17:00:00', '0'),
(63, 3, 'Friday', '09:00:00', '17:00:00', NULL),
(64, 4, 'Friday', '09:00:00', '17:00:00', NULL),
(65, 5, 'Friday', '09:00:00', '17:00:00', NULL),
(66, 6, 'Friday', '09:00:00', '17:00:00', NULL),
(67, 7, 'Friday', '09:00:00', '17:00:00', NULL),
(68, 8, 'Friday', '09:00:00', '17:00:00', NULL),
(69, 9, 'Friday', '09:00:00', '17:00:00', NULL),
(70, 10, 'Friday', '09:00:00', '17:00:00', NULL),
(71, 2, 'Saturday', '09:00:00', '17:00:00', '0'),
(72, 2, 'Sunday', '09:00:00', '17:00:00', '1'),
(73, 1, 'Saturday', '09:00:00', '17:00:00', '0'),
(74, 1, 'Sunday', '09:00:00', '17:00:00', '0');

-- --------------------------------------------------------

--
-- Table structure for table `hospitals`
--

CREATE TABLE `hospitals` (
  `id` int(11) NOT NULL,
  `name` varchar(100) NOT NULL,
  `location` varchar(100) NOT NULL
) ENGINE=InnoDB DEFAULT CHARSET=utf8mb4 COLLATE=utf8mb4_general_ci;

--
-- Dumping data for table `hospitals`
--

INSERT INTO `hospitals` (`id`, `name`, `location`) VALUES
(1, 'City General Hospital', 'Downtown'),
(2, 'Green Valley Clinic', 'Westside'),
(3, 'St. Mary Medical Center', 'North Hills'),
(4, 'Global Health Institute', 'Uptown'),
(5, 'Community Care Center', 'Suburbs');

-- --------------------------------------------------------

--
-- Table structure for table `patients`
--

CREATE TABLE `patients` (
  `user_id` int(11) NOT NULL,
  `full_name` varchar(500) DEFAULT NULL,
  `date_of_birth` date DEFAULT NULL,
  `gender` varchar(500) DEFAULT NULL,
  `phone_number` varchar(500) DEFAULT NULL,
  `address` varchar(500) DEFAULT NULL,
  `city` varchar(500) DEFAULT NULL,
  `state` varchar(500) DEFAULT NULL,
  `postal_code` varchar(500) DEFAULT NULL,
  `blood_group` varchar(500) DEFAULT NULL,
  `height` decimal(5,2) DEFAULT NULL,
  `weight` decimal(5,2) DEFAULT NULL,
  `allergies` varchar(500) DEFAULT NULL,
  `chronic_conditions` varchar(500) DEFAULT NULL,
  `emergency_contact_name` varchar(500) DEFAULT NULL,
  `emergency_contact_phone` varchar(500) DEFAULT NULL,
  `patient_id` varchar(20) NOT NULL,
  `email` varchar(200) DEFAULT NULL,
  `password` varchar(255) DEFAULT NULL
) ENGINE=InnoDB DEFAULT CHARSET=utf8mb4 COLLATE=utf8mb4_general_ci;

--
-- Dumping data for table `patients`
--

INSERT INTO `patients` (`user_id`, `full_name`, `date_of_birth`, `gender`, `phone_number`, `address`, `city`, `state`, `postal_code`, `blood_group`, `height`, `weight`, `allergies`, `chronic_conditions`, `emergency_contact_name`, `emergency_contact_phone`, `patient_id`, `email`, `password`) VALUES
(1, NULL, NULL, NULL, '1234567890', NULL, NULL, NULL, NULL, NULL, NULL, NULL, NULL, NULL, NULL, NULL, 'PAT-2026-9M8AW2', 'larsenp32hilip@mail.com', '$2y$10$vMJi1Dgtxs/X1OssDfvZeOgsgKUqSIbkv7O.CeDxxW9MeYkigzQ7S'),
(2, 'Rajesh Kumar', '1980-03-15', 'Male', '9876543210', '123 Main Street', 'Mumbai', 'Maharashtra', '400001', 'O+', 175.00, 75.00, 'Penicillin', 'Hypertension', 'Priya Kumar', '9876543211', 'PAT-2026-981914', NULL, NULL),
(3, 'Neha Singh', '1985-07-22', 'Female', '9876543212', '456 Oak Avenue', 'Delhi', 'Delhi', '110001', 'A+', 165.00, 62.00, 'None', 'Diabetes', 'Amit Singh', '9876543213', 'PAT-2026-C143BD', NULL, NULL),
(4, 'Arjun Reddy', '1978-11-10', 'Male', '9876543214', '789 Pine Road', 'Bangalore', 'Karnataka', '560001', 'B+', 180.00, 82.00, 'Aspirin', 'Hypertension,Diabetes', 'Kavya Reddy', '9876543215', 'PAT-2026-47B42F', NULL, NULL),
(5, 'Sanjana Patel', '1990-05-18', 'Female', '9876543216', '321 Elm Street', 'Ahmedabad', 'Gujarat', '380001', 'O+', 160.00, 58.00, 'None', 'None', 'Ramesh Patel', '9876543217', 'PAT-2026-DB43EC', NULL, NULL),
(6, 'Vikram Sharma', '1982-09-25', 'Male', '9876543218', '654 Maple Drive', 'Pune', 'Maharashtra', '411001', 'AB+', 178.00, 79.00, 'Sulfa drugs', 'Asthma', 'Anjali Sharma', '9876543219', 'PAT-2026-A558DC', NULL, NULL),
(7, 'Priya Desai', '1988-01-30', 'Female', '9876543220', '987 Birch Lane', 'Hyderabad', 'Telangana', '500001', 'B-', 168.00, 65.00, 'None', 'Migraine', 'Suresh Desai', '9876543221', 'PAT-2026-1385F4', NULL, NULL),
(8, 'Nikhil Gupta', '1992-06-12', 'Male', '9876543222', '147 Cedar Street', 'Chennai', 'Tamil Nadu', '600001', 'O-', 172.00, 70.00, 'Penicillin,Aspirin', 'None', 'Sunita Gupta', '9876543223', 'PAT-2026-9562CA', NULL, NULL),
(9, 'Deepa Menon', '1986-04-07', 'Female', '9876543224', '258 Spruce Road', 'Kochi', 'Kerala', '682001', 'A-', 162.00, 60.00, 'None', 'Thyroid', 'Mohan Menon', '9876543225', 'PAT-2026-9FAD91', NULL, NULL),
(10, 'Rohit Verma', '1981-12-20', 'Male', '9876543226', '369 Willow Avenue', 'Lucknow', 'Uttar Pradesh', '226001', 'A+', 176.00, 76.00, 'None', 'Hypertension', 'Geeta Verma', '9876543227', 'PAT-2026-26224B', NULL, NULL),
(11, 'Anjali Nair', '1989-08-14', 'Female', '9876543228', '741 Oak Street', 'Jaipur', 'Rajasthan', '302001', 'O+', 164.00, 63.00, 'Latex allergy', 'Diabetes', 'Krishnan Nair', '9876543229', 'PAT-2026-EC7B67', NULL, NULL),
(12, 'Manish Chopra', '1983-02-28', 'Male', '9876543230', '852 Ash Lane', 'Indore', 'Madhya Pradesh', '452001', 'B+', 174.00, 73.00, 'None', 'None', 'Divya Chopra', '9876543231', 'PAT-2026-097283', NULL, NULL),
(13, 'Shreya Saxena', '1991-10-05', 'Female', '9876543232', '963 Dogwood Drive', 'Chandigarh', 'Chandigarh', '160001', 'AB-', 166.00, 61.00, 'None', 'Asthma,Migraine', 'Arun Saxena', '9876543233', 'PAT-2026-910D7F', NULL, NULL),
(14, 'Aditya Mishra', '1979-07-17', 'Male', '9876543234', '174 Poplar Street', 'Bhopal', 'Madhya Pradesh', '462001', 'O+', 179.00, 81.00, 'Aspirin', 'Hypertension', 'Sneha Mishra', '9876543235', 'PAT-2026-19B8D8', NULL, NULL),
(15, 'Ritika Joshi', '1987-03-22', 'Female', '9876543236', '285 Sycamore Avenue', 'Pune', 'Maharashtra', '411002', 'A+', 167.00, 64.00, 'None', 'None', 'Vikram Joshi', '9876543237', 'PAT-2026-1244D1', NULL, NULL),
(16, 'Sameer Khan', '1984-09-11', 'Male', '9876543238', '396 Magnolia Drive', 'Hyderabad', 'Telangana', '500002', 'B-', 177.00, 78.00, 'Penicillin', 'Diabetes', 'Fatima Khan', '9876543239', 'PAT-2026-F53C24', NULL, NULL),
(17, 'Pooja Singh', '1990-05-26', 'Female', '9876543240', '407 Chestnut Street', 'Bangalore', 'Karnataka', '560002', 'O-', 161.00, 57.00, 'None', 'Thyroid', 'Rajesh Singh', '9876543241', 'PAT-2026-8DCB40', NULL, NULL),
(18, 'Karan Sharma', '1985-11-08', 'Male', '9876543242', '518 Hackberry Lane', 'Delhi', 'Delhi', '110002', 'A-', 181.00, 84.00, 'Sulfa drugs', 'None', 'Meera Sharma', '9876543243', 'PAT-2026-9C9ADF', NULL, NULL),
(19, 'Zara Kapoor', '1988-06-19', 'Female', '9876543244', '629 Tamarack Drive', 'Mumbai', 'Maharashtra', '400002', 'AB+', 163.00, 59.00, 'None', 'Migraine,Asthma', 'Arjun Kapoor', '9876543245', 'PAT-2026-064A42', NULL, NULL),
(20, 'Ishaan Reddy', '1992-04-03', 'Male', '9876543246', '730 Juniper Street', 'Ahmedabad', 'Gujarat', '380002', 'O+', 173.00, 71.00, 'None', 'None', 'Lakshmi Reddy', '9876543247', 'PAT-2026-AF921A', NULL, NULL),
(21, 'Divya Iyer', '1986-12-14', 'Female', '9876543248', '841 Locust Avenue', 'Chennai', 'Tamil Nadu', '600002', 'B+', 165.00, 62.00, 'Latex allergy', 'Diabetes', 'Ravi Iyer', '9876543249', 'PAT-2026-356B45', NULL, NULL),
(22, 'Nitin Kulkarni', '1981-08-27', 'Male', '9876543250', '952 Quaking Grass Lane', 'Pune', 'Maharashtra', '411003', 'A+', 176.00, 75.00, 'None', 'Hypertension', 'Sneha Kulkarni', '9876543251', 'PAT-2026-E4F8A5', NULL, NULL),
(23, 'Swati Bhat', '1989-01-10', 'Female', '9876543252', '103 Rowan Street', 'Kochi', 'Kerala', '682002', 'O-', 162.00, 60.00, 'Penicillin', 'None', 'Sanjay Bhat', '9876543253', 'PAT-2026-23D9B7', NULL, NULL),
(24, 'Harsh Mehta', '1983-09-05', 'Male', '9876543254', '214 Sagebrush Drive', 'Jaipur', 'Rajasthan', '302002', 'B-', 179.00, 80.00, 'None', 'Asthma', 'Priya Mehta', '9876543255', 'PAT-2026-FA3A97', NULL, NULL),
(25, 'Madhuri Dutta', '1987-07-18', 'Female', '9876543256', '325 Tansy Lane', 'Lucknow', 'Uttar Pradesh', '226002', 'AB+', 168.00, 65.00, 'Aspirin', 'Thyroid', 'Ramakant Dutta', '9876543257', 'PAT-2026-AE674A', NULL, NULL),
(26, 'Siddharth Roy', '1982-05-22', 'Male', '9876543258', '436 Uvala Street', 'Indore', 'Madhya Pradesh', '452002', 'O+', 175.00, 77.00, 'None', 'Diabetes', 'Shreya Roy', '9876543259', 'PAT-2026-D8404B', NULL, NULL),
(27, 'Isha Verma', '1991-03-14', 'Female', '9876543260', '547 Valerian Avenue', 'Chandigarh', 'Chandigarh', '160002', 'A+', 164.00, 58.00, 'None', 'Migraine', 'Vikram Verma', '9876543261', 'PAT-2026-A66D7E', NULL, NULL),
(28, 'Akshay Rao', '1980-11-29', 'Male', '9876543262', '658 Zinnia Drive', 'Bhopal', 'Madhya Pradesh', '462002', 'B+', 178.00, 82.00, 'Sulfa drugs', 'Hypertension,Diabetes', 'Anjali Rao', '9876543263', 'PAT-2026-CC5243', NULL, NULL),
(29, 'Tanvi Bansal', '1984-06-07', 'Female', '9876543264', '769 Amaranth Street', 'Hyderabad', 'Telangana', '500003', 'O-', 166.00, 61.00, 'None', 'Asthma', 'Suresh Bansal', '9876543265', 'PAT-2026-B378CE', NULL, NULL),
(30, 'Ravi Nambiar', '1986-02-19', 'Male', '9876543266', '870 Basil Lane', 'Bangalore', 'Karnataka', '560003', 'A-', 180.00, 83.00, 'Penicillin', 'None', 'Kavya Nambiar', '9876543267', 'PAT-2026-7735D5', NULL, NULL),
(31, 'Ananya Panda', '1990-10-12', 'Female', '9876543268', '981 Chamomile Avenue', 'Mumbai', 'Maharashtra', '400003', 'AB+', 165.00, 62.00, 'None', 'Thyroid,Migraine', 'Deepak Panda', '9876543269', 'PAT-2026-F05528', NULL, NULL),
(32, 'Parth Pandey', '1983-04-25', 'Male', '9876543270', '192 Dill Street', 'Delhi', 'Delhi', '110003', 'O+', 174.00, 73.00, 'Aspirin', 'Hypertension', 'Neha Pandey', '9876543271', 'PAT-2026-6796E4', NULL, NULL),
(33, 'Nidhi Singh', '1988-08-16', 'Female', '9876543272', '203 Echinacea Drive', 'Ahmedabad', 'Gujarat', '380003', 'B+', 167.00, 64.00, 'None', 'Diabetes', 'Arjun Singh', '9876543273', 'PAT-2026-9C7CF4', NULL, NULL),
(34, 'Varun Tiwari', '1981-12-03', 'Male', '9876543274', '314 Fennel Lane', 'Pune', 'Maharashtra', '411004', 'A+', 177.00, 78.00, 'None', 'None', 'Priya Tiwari', '9876543275', 'PAT-2026-9B87EE', NULL, NULL),
(35, 'Shalini Rao', '1985-06-14', 'Female', '9876543276', '425 Garlic Avenue', 'Chennai', 'Tamil Nadu', '600003', 'O-', 163.00, 60.00, 'Penicillin,Latex allergy', 'Asthma', 'Mohan Rao', '9876543277', 'PAT-2026-7FA62D', NULL, NULL),
(36, 'Gaurav Kumar', '1989-09-21', 'Male', '9876543278', '536 Hyssop Street', 'Kochi', 'Kerala', '682003', 'B-', 179.00, 81.00, 'None', 'Migraine', 'Sunita Kumar', '9876543279', 'PAT-2026-513BE7', NULL, NULL),
(37, 'Divya Agarwal', '1984-03-08', 'Female', '9876543280', '647 Iris Drive', 'Jaipur', 'Rajasthan', '302003', 'A-', 166.00, 59.00, 'Aspirin', 'Diabetes,Thyroid', 'Rajesh Agarwal', '9876543281', 'PAT-2026-98AB44', NULL, NULL),
(38, 'Rohan Shrivastav', '1982-07-17', 'Male', '9876543282', '758 Jasmine Lane', 'Lucknow', 'Uttar Pradesh', '226003', 'AB+', 175.00, 76.00, 'None', 'Hypertension', 'Geeta Shrivastav', '9876543283', 'PAT-2026-AD87A2', NULL, NULL),
(39, 'Sakshi Nair', '1987-11-25', 'Female', '9876543284', '869 Kale Avenue', 'Indore', 'Madhya Pradesh', '452003', 'O+', 164.00, 61.00, 'None', 'None', 'Krishnan Nair', '9876543285', 'PAT-2026-B85453', NULL, NULL),
(40, 'Abhishek Bhat', '1990-05-09', 'Male', '9876543286', '970 Lavender Street', 'Chandigarh', 'Chandigarh', '160003', 'B+', 178.00, 80.00, 'Sulfa drugs', 'Asthma,Migraine', 'Deepa Bhat', '9876543287', 'PAT-2026-BF8E50', NULL, NULL),
(41, 'Meera Joshi', '1986-01-20', 'Female', '9876543288', '181 Mint Drive', 'Bhopal', 'Madhya Pradesh', '462003', 'O-', 165.00, 62.00, 'None', 'Diabetes', 'Vikram Joshi', '9876543289', 'PAT-2026-C2198D', NULL, NULL),
(42, 'Sushant Malhotra', '1983-06-11', 'Male', '9876543290', '292 Nettle Lane', 'Hyderabad', 'Telangana', '500004', 'A+', 177.00, 79.00, 'Penicillin', 'Hypertension', 'Anjali Malhotra', '9876543291', 'PAT-2026-52658E', NULL, NULL),
(43, 'Priya Chatterjee', '1988-10-22', 'Female', '9876543292', '403 Oregano Street', 'Bangalore', 'Karnataka', '560004', 'B-', 168.00, 63.00, 'None', 'Thyroid', 'Arun Chatterjee', '9876543293', 'PAT-2026-DC5D4E', NULL, NULL),
(44, 'Vivek Singh', '1981-04-14', 'Male', '9876543294', '514 Parsley Avenue', 'Mumbai', 'Maharashtra', '400004', 'AB+', 176.00, 74.00, 'Aspirin', 'None', 'Sneha Singh', '9876543295', 'PAT-2026-170B25', NULL, NULL),
(45, 'Pooja Desai', '1985-12-07', 'Female', '9876543296', '625 Rosemary Drive', 'Delhi', 'Delhi', '110004', 'O+', 162.00, 57.00, 'None', 'Asthma', 'Suresh Desai', '9876543297', 'PAT-2026-BF335F', NULL, NULL),
(46, 'Harsh Gupta', '1989-08-19', 'Male', '9876543298', '736 Sage Lane', 'Ahmedabad', 'Gujarat', '380004', 'B+', 174.00, 75.00, 'None', 'Diabetes', 'Meera Gupta', '9876543299', 'PAT-2026-DA6A54', NULL, NULL),
(47, 'Isha Pandey', '1984-02-28', 'Female', '9876543300', '847 Tarragon Street', 'Pune', 'Maharashtra', '411005', 'O-', 167.00, 64.00, 'Penicillin,Aspirin', 'Migraine', 'Rajesh Pandey', '9876543301', 'PAT-2026-E78BDC', NULL, NULL),
(48, 'Nikhil Verma', '1987-09-03', 'Male', '9876543302', '958 Thyme Avenue', 'Chennai', 'Tamil Nadu', '600004', 'A-', 179.00, 82.00, 'None', 'Hypertension,Diabetes', 'Geeta Verma', '9876543303', 'PAT-2026-A59EED', NULL, NULL),
(49, 'Anushka Roy', '1990-11-15', 'Female', '9876543304', '169 Valerian Drive', 'Kochi', 'Kerala', '682004', 'A+', 164.00, 58.00, 'None', 'None', 'Ravi Roy', '9876543305', 'PAT-2026-9D654B', NULL, NULL),
(50, 'Aditya Kapoor', '1982-07-26', 'Male', '9876543306', '270 Wintergreen Street', 'Jaipur', 'Rajasthan', '302004', 'B-', 175.00, 77.00, 'Sulfa drugs', 'Thyroid', 'Priya Kapoor', '9876543307', 'PAT-2026-B5A249', NULL, NULL),
(51, 'Ritika Sharma', '1986-05-18', 'Female', '9876543308', '381 Yarrow Lane', 'Lucknow', 'Uttar Pradesh', '226004', 'AB+', 165.00, 61.00, 'None', 'Asthma', 'Vikram Sharma', '9876543309', 'PAT-2026-3C53BC', NULL, NULL),
(52, 'Sameer Iyer', '1983-10-09', 'Male', '9876543310', '492 Zucchini Avenue', 'Indore', 'Madhya Pradesh', '452004', 'O+', 178.00, 80.00, 'Penicillin', 'Hypertension', 'Sunita Iyer', '9876543311', 'PAT-2026-762A1E', NULL, NULL),
(53, 'Kavya Menon', '1988-03-21', 'Female', '9876543312', '503 Allspice Drive', 'Chandigarh', 'Chandigarh', '160004', 'B+', 166.00, 62.00, 'None', 'Diabetes', 'Mohan Menon', '9876543313', 'PAT-2026-C704A8', NULL, NULL),
(54, 'Rohan Saxena', '1985-11-12', 'Male', '9876543314', '614 Bergamot Lane', 'Bhopal', 'Madhya Pradesh', '462004', 'O-', 177.00, 78.00, 'Aspirin', 'Migraine', 'Anjali Saxena', '9876543315', 'PAT-2026-7A2BAD', NULL, NULL),
(55, 'Shreya Nair', '1989-07-23', 'Female', '9876543316', '725 Cardamom Street', 'Hyderabad', 'Telangana', '500005', 'A+', 163.00, 59.00, 'None', 'None', 'Krishnan Nair', '9876543317', 'PAT-2026-E1F753', NULL, NULL),
(56, 'Akshay Patel', '1984-01-05', 'Male', '9876543318', '836 Caraway Avenue', 'Bangalore', 'Karnataka', '560005', 'B-', 176.00, 75.00, 'None', 'Asthma,Thyroid', 'Divya Patel', '9876543319', 'PAT-2026-6B39AE', NULL, NULL),
(57, 'Tanvi Singh', '1987-04-16', 'Female', '9876543320', '947 Coriander Drive', 'Mumbai', 'Maharashtra', '400005', 'AB-', 168.00, 65.00, 'Penicillin,Latex allergy', 'Hypertension', 'Rajesh Singh', '9876543321', 'PAT-2026-2E0D2A', NULL, NULL),
(58, 'Ravi Kumar', '1990-09-27', 'Male', '9876543322', '158 Cumin Lane', 'Delhi', 'Delhi', '110005', 'O+', 174.00, 72.00, 'None', 'Diabetes', 'Geeta Kumar', '9876543323', 'PAT-2026-205908', NULL, NULL),
(59, 'Ananya Verma', '1982-06-08', 'Female', '9876543324', '269 Dill Street', 'Ahmedabad', 'Gujarat', '380005', 'A-', 165.00, 60.00, 'None', 'Migraine', 'Deepak Verma', '9876543325', 'PAT-2026-037555', NULL, NULL),
(60, 'Parth Nair', '1986-12-19', 'Male', '9876543326', '370 Fennel Avenue', 'Pune', 'Maharashtra', '411006', 'B+', 179.00, 81.00, 'Aspirin', 'None', 'Sunita Nair', '9876543327', 'PAT-2026-171102', NULL, NULL),
(61, 'Nidhi Desai', '1983-08-30', 'Female', '9876543328', '481 Garlic Drive', 'Chennai', 'Tamil Nadu', '600005', 'O-', 166.00, 61.00, 'None', 'Asthma', 'Suresh Desai', '9876543329', 'PAT-2026-A22733', NULL, NULL),
(62, 'Varun Roy', '1988-02-11', 'Male', '9876543330', '592 Ginger Lane', 'Kochi', 'Kerala', '682005', 'A+', 177.00, 79.00, 'Penicillin', 'Thyroid,Diabetes', 'Priya Roy', '9876543331', 'PAT-2026-CDF833', NULL, NULL),
(63, 'Shalini Gupta', '1985-10-22', 'Female', '9876543332', '603 Juniper Street', 'Jaipur', 'Rajasthan', '302005', 'B-', 167.00, 62.00, 'None', 'Hypertension', 'Rajesh Gupta', '9876543333', 'PAT-2026-E091B9', NULL, NULL),
(64, 'Gaurav Sharma', '1984-07-03', 'Male', '9876543334', '714 Lavender Avenue', 'Lucknow', 'Uttar Pradesh', '226005', 'AB+', 175.00, 76.00, 'Sulfa drugs', 'Migraine', 'Meera Sharma', '9876543335', 'PAT-2026-5808D4', NULL, NULL),
(65, 'Divya Singh', '1989-05-14', 'Female', '9876543336', '825 Mint Drive', 'Indore', 'Madhya Pradesh', '452005', 'O+', 164.00, 58.00, 'None', 'None', 'Vikram Singh', '9876543337', 'PAT-2026-D7EDA9', NULL, NULL),
(66, 'Rohan Iyer', '1982-11-25', 'Male', '9876543338', '936 Nutmeg Lane', 'Chandigarh', 'Chandigarh', '160005', 'B+', 178.00, 80.00, 'Penicillin,Aspirin', 'Asthma', 'Anjali Iyer', '9876543339', 'PAT-2026-184DB6', NULL, NULL),
(67, 'Sakshi Panda', '1987-03-06', 'Female', '9876543340', '147 Oregano Street', 'Bhopal', 'Madhya Pradesh', '462005', 'O-', 165.00, 63.00, 'None', 'Diabetes', 'Deepak Panda', '9876543341', 'PAT-2026-196BBB', NULL, NULL),
(68, 'Abhishek Kumar', '1986-09-17', 'Male', '9876543342', '258 Paprika Avenue', 'Hyderabad', 'Telangana', '500006', 'A-', 176.00, 74.00, 'None', 'Thyroid', 'Sunita Kumar', '9876543343', 'PAT-2026-BB586F', NULL, NULL),
(69, 'Meera Bhat', '1990-04-28', 'Female', '9876543344', '369 Pepper Drive', 'Bangalore', 'Karnataka', '560006', 'A+', 168.00, 64.00, 'Latex allergy', 'Migraine', 'Ravi Bhat', '9876543345', 'PAT-2026-2B2754', NULL, NULL),
(70, 'Sushant Roy', '1983-01-09', 'Male', '9876543346', '470 Poppy Lane', 'Mumbai', 'Maharashtra', '400006', 'B-', 174.00, 75.00, 'None', 'Hypertension', 'Geeta Roy', '9876543347', 'PAT-2026-7E2253', NULL, NULL),
(71, 'Priya Saxena', '1988-08-20', 'Female', '9876543348', '581 Rosemary Street', 'Delhi', 'Delhi', '110006', 'AB+', 166.00, 61.00, 'Penicillin', 'None', 'Arun Saxena', '9876543349', 'PAT-2026-4DFD27', NULL, NULL),
(72, 'Vivek Gupta', '1981-06-11', 'Male', '9876543350', '692 Saffron Avenue', 'Ahmedabad', 'Gujarat', '380006', 'O+', 179.00, 82.00, 'None', 'Asthma,Diabetes', 'Meera Gupta', '9876543351', 'PAT-2026-3DEF62', NULL, NULL),
(73, 'Pooja Sharma', '1985-12-22', 'Female', '9876543352', '703 Sage Drive', 'Pune', 'Maharashtra', '411007', 'B+', 164.00, 59.00, 'Aspirin', 'Migraine', 'Vikram Sharma', '9876543353', 'PAT-2026-20CA8D', NULL, NULL),
(74, 'Harsh Singh', '1989-04-03', 'Male', '9876543354', '814 Tamarind Lane', 'Chennai', 'Tamil Nadu', '600006', 'O-', 175.00, 77.00, 'None', 'Thyroid', 'Priya Singh', '9876543355', 'PAT-2026-A7C69B', NULL, NULL),
(75, 'Isha Nair', '1984-10-14', 'Female', '9876543356', '925 Thyme Street', 'Kochi', 'Kerala', '682006', 'A+', 167.00, 62.00, 'None', 'Hypertension,Diabetes', 'Krishnan Nair', '9876543357', 'PAT-2026-D40AC0', NULL, NULL),
(76, 'Nikhil Pandey', '1987-07-25', 'Male', '9876543358', '136 Turmeric Avenue', 'Jaipur', 'Rajasthan', '302006', 'B-', 178.00, 80.00, 'Penicillin,Sulfa drugs', 'Asthma', 'Anjali Pandey', '9876543359', 'PAT-2026-C42A26', NULL, NULL),
(77, 'Anushka Desai', '1990-02-05', 'Female', '9876543360', '247 Valerian Drive', 'Lucknow', 'Uttar Pradesh', '226006', 'AB-', 165.00, 60.00, 'None', 'None', 'Suresh Desai', '9876543361', 'PAT-2026-B5AB60', NULL, NULL),
(78, 'Aditya Iyer', '1982-09-16', 'Male', '9876543362', '358 Vanilla Lane', 'Indore', 'Madhya Pradesh', '452006', 'O+', 176.00, 75.00, 'Aspirin', 'Migraine', 'Sunita Iyer', '9876543363', 'PAT-2026-B2F959', NULL, NULL),
(79, 'Ritika Verma', '1986-05-27', 'Female', '9876543364', '469 Wintergreen Street', 'Chandigarh', 'Chandigarh', '160006', 'A-', 168.00, 63.00, 'None', 'Diabetes', 'Vikram Verma', '9876543365', 'PAT-2026-74B9EE', NULL, NULL),
(80, 'Sameer Sharma', '1983-11-08', 'Male', '9876543366', '570 Yarrow Avenue', 'Bhopal', 'Madhya Pradesh', '462006', 'B+', 174.00, 73.00, 'None', 'Thyroid', 'Meera Sharma', '9876543367', 'PAT-2026-F180DA', NULL, NULL),
(81, 'Kavya Singh', '1988-06-19', 'Female', '9876543368', '681 Zucchini Drive', 'Hyderabad', 'Telangana', '500007', 'O-', 166.00, 61.00, 'Penicillin,Latex allergy', 'Hypertension', 'Rajesh Singh', '9876543369', 'PAT-2026-31ED09', NULL, NULL),
(82, 'Rohan Kumar', '1985-03-30', 'Male', '9876543370', '792 Allspice Lane', 'Bangalore', 'Karnataka', '560007', 'A+', 177.00, 78.00, 'None', 'Asthma', 'Priya Kumar', '9876543371', 'PAT-2026-749C9A', NULL, NULL),
(83, 'Shreya Patel', '1989-09-10', 'Female', '9876543372', '803 Bergamot Street', 'Mumbai', 'Maharashtra', '400007', 'B-', 165.00, 62.00, 'Aspirin', 'Migraine', 'Rajesh Patel', '9876543373', 'PAT-2026-61D7A1', NULL, NULL),
(84, 'Akshay Gupta', '1984-04-21', 'Male', '9876543374', '914 Cardamom Avenue', 'Delhi', 'Delhi', '110007', 'AB+', 179.00, 81.00, 'None', 'None', 'Divya Gupta', '9876543375', 'PAT-2026-2C70F6', NULL, NULL),
(85, 'Tanvi Nair', '1987-01-02', 'Female', '9876543376', '125 Caraway Drive', 'Ahmedabad', 'Gujarat', '380007', 'O+', 164.00, 59.00, 'None', 'Diabetes,Thyroid', 'Mohan Nair', '9876543377', 'PAT-2026-FB9E23', NULL, NULL),
(86, 'Ravi Desai', '1990-07-12', 'Male', '9876543378', '236 Coriander Lane', 'Pune', 'Maharashtra', '411008', 'B+', 175.00, 74.00, 'Penicillin', 'Hypertension', 'Geeta Desai', '9876543379', 'PAT-2026-3B07BF', NULL, NULL),
(87, 'Ananya Sharma', '1982-10-23', 'Female', '9876543380', '347 Cumin Street', 'Chennai', 'Tamil Nadu', '600007', 'O-', 167.00, 64.00, 'None', 'Asthma', 'Deepak Sharma', '9876543381', 'PAT-2026-21AEB6', NULL, NULL),
(88, 'Parth Singh', '1986-08-04', 'Male', '9876543382', '458 Dill Avenue', 'Kochi', 'Kerala', '682007', 'A-', 178.00, 79.00, 'Aspirin', 'Migraine', 'Sunita Singh', '9876543383', 'PAT-2026-DC4F2E', NULL, NULL),
(89, 'Nidhi Roy', '1983-05-15', 'Female', '9876543384', '569 Echinacea Drive', 'Jaipur', 'Rajasthan', '302007', 'A+', 166.00, 61.00, 'None', 'Diabetes', 'Arun Roy', '9876543385', 'PAT-2026-BDC9E2', NULL, NULL),
(90, 'Varun Pandey', '1988-12-26', 'Male', '9876543386', '670 Fennel Lane', 'Lucknow', 'Uttar Pradesh', '226007', 'B-', 174.00, 76.00, 'Sulfa drugs', 'Thyroid', 'Priya Pandey', '9876543387', 'PAT-2026-43F8C4', NULL, NULL),
(91, 'Shalini Singh', '1985-09-06', 'Female', '9876543388', '781 Garlic Street', 'Indore', 'Madhya Pradesh', '452007', 'AB+', 165.00, 60.00, 'None', 'Hypertension', 'Rajesh Singh', '9876543389', 'PAT-2026-F91AB5', NULL, NULL),
(92, 'Gaurav Roy', '1984-06-17', 'Male', '9876543390', '892 Ginger Avenue', 'Chandigarh', 'Chandigarh', '160007', 'O+', 177.00, 79.00, 'Penicillin', 'None', 'Geeta Roy', '9876543391', 'PAT-2026-51EE47', NULL, NULL),
(93, 'Divya Gupta', '1989-02-28', 'Female', '9876543392', '903 Hyssop Drive', 'Bhopal', 'Madhya Pradesh', '462007', 'B+', 168.00, 63.00, 'None', 'Asthma,Migraine', 'Vikram Gupta', '9876543393', 'PAT-2026-BE879A', NULL, NULL),
(94, 'Rohan Nair', '1982-11-09', 'Male', '9876543394', '114 Iris Lane', 'Hyderabad', 'Telangana', '500008', 'O-', 176.00, 75.00, 'Aspirin', 'Diabetes', 'Anjali Nair', '9876543395', 'PAT-2026-531E65', NULL, NULL),
(95, 'Sakshi Kumar', '1987-07-20', 'Female', '9876543396', '225 Jasmine Street', 'Bangalore', 'Karnataka', '560008', 'A-', 164.00, 58.00, 'None', 'Thyroid', 'Deepak Kumar', '9876543397', 'PAT-2026-EC1F1F', NULL, NULL),
(96, 'Abhishek Singh', '1986-03-31', 'Male', '9876543398', '336 Kale Avenue', 'Mumbai', 'Maharashtra', '400008', 'A+', 179.00, 82.00, 'Penicillin,Latex allergy', 'Hypertension', 'Sunita Singh', '9876543399', 'PAT-2026-AC87F8', NULL, NULL),
(97, 'Meera Patel', '1990-10-11', 'Female', '9876543400', '447 Lavender Drive', 'Delhi', 'Delhi', '110008', 'B-', 166.00, 61.00, 'None', 'Migraine', 'Ravi Patel', '9876543401', 'PAT-2026-14A810', NULL, NULL),
(98, 'Sushant Desai', '1983-04-22', 'Male', '9876543402', '558 Mint Lane', 'Ahmedabad', 'Gujarat', '380008', 'AB+', 175.00, 77.00, 'None', 'None', 'Priya Desai', '9876543403', 'PAT-2026-DB2CD0', NULL, NULL),
(99, 'Priya Iyer', '1988-01-02', 'Female', '9876543404', '669 Nettle Street', 'Pune', 'Maharashtra', '411009', 'O+', 167.00, 62.00, 'Aspirin', 'Asthma', 'Ravi Iyer', '9876543405', 'PAT-2026-E3426F', NULL, NULL),
(100, 'Vivek Saxena', '1981-09-13', 'Male', '9876543406', '770 Oregano Avenue', 'Chennai', 'Tamil Nadu', '600008', 'B+', 178.00, 80.00, 'None', 'Diabetes', 'Meera Saxena', '9876543407', 'PAT-2026-817BB5', NULL, NULL),
(101, 'Pooja Sharma', '1985-07-24', 'Female', '9876543408', '881 Parsley Drive', 'Kochi', 'Kerala', '682008', 'O-', 165.00, 59.00, 'None', 'Thyroid', 'Suresh Sharma', '9876543409', 'PAT-2026-611B9D', NULL, NULL),
(102, 'Harsh Verma', '1989-05-05', 'Male', '9876543410', '992 Rosemary Lane', 'Jaipur', 'Rajasthan', '302008', 'A+', 176.00, 74.00, 'Penicillin', 'Migraine', 'Geeta Verma', '9876543411', 'PAT-2026-7184DA', NULL, NULL),
(103, 'Isha Singh', '1984-11-16', 'Female', '9876543412', '103 Sage Street', 'Lucknow', 'Uttar Pradesh', '226008', 'B-', 168.00, 64.00, 'None', 'Hypertension,Diabetes', 'Rajesh Singh', '9876543413', 'PAT-2026-A2A658', NULL, NULL),
(104, 'Nikhil Gupta', '1987-08-27', 'Male', '9876543414', '214 Tarragon Avenue', 'Indore', 'Madhya Pradesh', '452008', 'AB-', 174.00, 76.00, 'Sulfa drugs', 'Asthma', 'Anjali Gupta', '9876543415', 'PAT-2026-E4A2EA', NULL, NULL),
(105, 'Anushka Nair', '1990-03-07', 'Female', '9876543416', '325 Thyme Drive', 'Chandigarh', 'Chandigarh', '160008', 'O+', 166.00, 61.00, 'None', 'None', 'Mohan Nair', '9876543417', 'PAT-2026-BDACB8', NULL, NULL),
(106, 'Aditya Patel', '1982-10-18', 'Male', '9876543418', '436 Valerian Lane', 'Bhopal', 'Madhya Pradesh', '462008', 'A-', 177.00, 79.00, 'Aspirin', 'Thyroid', 'Sunita Patel', '9876543419', 'PAT-2026-5CBF44', NULL, NULL),
(107, 'Ritika Kumar', '1986-06-29', 'Female', '9876543420', '547 Wintergreen Street', 'Hyderabad', 'Telangana', '500009', 'B+', 165.00, 62.00, 'None', 'Migraine', 'Vikram Kumar', '9876543421', 'PAT-2026-574845', NULL, NULL),
(108, 'Sameer Pandey', '1983-02-09', 'Male', '9876543422', '658 Yarrow Avenue', 'Bangalore', 'Karnataka', '560009', 'O-', 179.00, 81.00, 'Penicillin', 'Hypertension', 'Geeta Pandey', '9876543423', 'PAT-2026-4DB247', NULL, NULL),
(109, 'Kavya Desai', '1988-09-20', 'Female', '9876543424', '769 Zucchini Drive', 'Mumbai', 'Maharashtra', '400009', 'A+', 164.00, 59.00, 'None', 'Asthma', 'Deepak Desai', '9876543425', 'PAT-2026-20A16D', NULL, NULL),
(110, 'Rohan Sharma', '1985-04-01', 'Male', '9876543426', '870 Allspice Lane', 'Delhi', 'Delhi', '110009', 'B-', 176.00, 75.00, 'None', 'Diabetes', 'Priya Sharma', '9876543427', 'PAT-2026-0F5847', NULL, NULL),
(111, 'Shreya Singh', '1989-12-12', 'Female', '9876543428', '981 Bergamot Street', 'Ahmedabad', 'Gujarat', '380009', 'AB+', 167.00, 63.00, 'Latex allergy', 'Thyroid', 'Rajesh Singh', '9876543429', 'PAT-2026-89D40C', NULL, NULL),
(112, 'Akshay Iyer', '1984-07-23', 'Male', '9876543430', '192 Cardamom Avenue', 'Pune', 'Maharashtra', '411010', 'O+', 175.00, 74.00, 'None', 'Migraine', 'Anjali Iyer', '9876543431', 'PAT-2026-98338F', NULL, NULL),
(113, 'Tanvi Roy', '1987-04-04', 'Female', '9876543432', '203 Caraway Drive', 'Chennai', 'Tamil Nadu', '600009', 'B+', 166.00, 61.00, 'Penicillin', 'Hypertension', 'Arun Roy', '9876543433', 'PAT-2026-131179', NULL, NULL),
(114, 'Ravi Singh', '1990-01-14', 'Male', '9876543434', '314 Coriander Lane', 'Kochi', 'Kerala', '682009', 'O-', 178.00, 79.00, 'None', 'None', 'Sunita Singh', '9876543435', 'PAT-2026-E632CB', NULL, NULL),
(115, 'Ananya Nair', '1982-11-25', 'Female', '9876543436', '425 Cumin Street', 'Jaipur', 'Rajasthan', '302009', 'A-', 165.00, 59.00, 'Aspirin', 'Asthma', 'Krishnan Nair', '9876543437', 'PAT-2026-7FC506', NULL, NULL),
(116, 'Parth Gupta', '1986-09-05', 'Male', '9876543438', '536 Dill Avenue', 'Lucknow', 'Uttar Pradesh', '226009', 'A+', 177.00, 78.00, 'None', 'Diabetes', 'Divya Gupta', '9876543439', 'PAT-2026-9E1DF1', NULL, NULL),
(117, 'Nidhi Patel', '1983-06-16', 'Female', '9876543440', '647 Echinacea Drive', 'Indore', 'Madhya Pradesh', '452009', 'B-', 168.00, 64.00, 'None', 'Thyroid', 'Vikram Patel', '9876543441', 'PAT-2026-DB3DE9', NULL, NULL),
(118, 'Varun Desai', '1988-03-27', 'Male', '9876543442', '758 Fennel Lane', 'Chandigarh', 'Chandigarh', '160009', 'AB+', 174.00, 76.00, 'Sulfa drugs', 'Migraine', 'Priya Desai', '9876543443', 'PAT-2026-D14A54', NULL, NULL),
(119, 'Shalini Gupta', '1985-01-07', 'Female', '9876543444', '869 Garlic Street', 'Bhopal', 'Madhya Pradesh', '462009', 'O+', 166.00, 60.00, 'None', 'Hypertension', 'Rajesh Gupta', '9876543445', 'PAT-2026-D03F9C', NULL, NULL),
(120, 'Gaurav Singh', '1984-10-18', 'Male', '9876543446', '970 Ginger Avenue', 'Hyderabad', 'Telangana', '500010', 'B+', 179.00, 82.00, 'Penicillin', 'Asthma', 'Meera Singh', '9876543447', 'PAT-2026-FAA3B7', NULL, NULL),
(121, 'Divya Roy', '1989-07-29', 'Female', '9876543448', '181 Hyssop Drive', 'Bangalore', 'Karnataka', '560010', 'O-', 165.00, 62.00, 'None', 'None', 'Deepak Roy', '9876543449', 'PAT-2026-18C00E', NULL, NULL),
(122, 'Rohan Kumar', '1982-05-09', 'Male', '9876543450', '292 Iris Lane', 'Mumbai', 'Maharashtra', '400010', 'A-', 176.00, 75.00, 'Aspirin', 'Diabetes', 'Sunita Kumar', '9876543451', 'PAT-2026-599932', NULL, NULL),
(123, 'Sakshi Singh', '1987-02-20', 'Female', '9876543452', '403 Jasmine Street', 'Delhi', 'Delhi', '110010', 'A+', 167.00, 63.00, 'None', 'Thyroid', 'Arun Singh', '9876543453', 'PAT-2026-99084F', NULL, NULL),
(124, 'Abhishek Nair', '1986-12-01', 'Male', '9876543454', '514 Kale Avenue', 'Ahmedabad', 'Gujarat', '380010', 'B-', 174.00, 73.00, 'Penicillin,Latex allergy', 'Migraine', 'Priya Nair', '9876543455', 'PAT-2026-E0307E', NULL, NULL),
(125, 'Meera Singh', '1990-08-11', 'Female', '9876543456', '625 Lavender Drive', 'Pune', 'Maharashtra', '411011', 'AB+', 168.00, 64.00, 'None', 'Hypertension,Diabetes', 'Rajesh Singh', '9876543457', 'PAT-2026-08E61E', NULL, NULL),
(126, 'Sushant Kumar', '1983-03-22', 'Male', '9876543458', '736 Mint Lane', 'Chennai', 'Tamil Nadu', '600010', 'O+', 175.00, 77.00, 'None', 'Asthma', 'Geeta Kumar', '9876543459', 'PAT-2026-40428D', NULL, NULL),
(127, 'Priya Gupta', '1988-11-02', 'Female', '9876543460', '847 Nettle Street', 'Kochi', 'Kerala', '682010', 'B+', 166.00, 61.00, 'Aspirin', 'None', 'Vikram Gupta', '9876543461', 'PAT-2026-243C6B', NULL, NULL),
(128, 'Vivek Roy', '1981-08-13', 'Male', '9876543462', '958 Oregano Avenue', 'Jaipur', 'Rajasthan', '302010', 'O-', 179.00, 80.00, 'None', 'Thyroid', 'Meera Roy', '9876543463', 'PAT-2026-2BA2E3', NULL, NULL),
(129, 'Pooja Pandey', '1985-05-24', 'Female', '9876543464', '169 Parsley Drive', 'Lucknow', 'Uttar Pradesh', '226010', 'A+', 165.00, 59.00, 'None', 'Migraine', 'Deepak Pandey', '9876543465', 'PAT-2026-96D509', NULL, NULL),
(130, 'Harsh Desai', '1989-02-04', 'Male', '9876543466', '270 Rosemary Lane', 'Indore', 'Madhya Pradesh', '452010', 'B-', 177.00, 78.00, 'Penicillin', 'Hypertension', 'Sunita Desai', '9876543467', 'PAT-2026-D962EE', NULL, NULL),
(131, 'Isha Sharma', '1984-10-15', 'Female', '9876543468', '381 Sage Street', 'Chandigarh', 'Chandigarh', '160010', 'AB-', 164.00, 60.00, 'None', 'Asthma', 'Rajesh Sharma', '9876543469', 'PAT-2026-7B989A', NULL, NULL),
(132, 'Nikhil Iyer', '1987-07-26', 'Male', '9876543470', '492 Tarragon Avenue', 'Bhopal', 'Madhya Pradesh', '462010', 'O+', 176.00, 76.00, 'Aspirin', 'Diabetes', 'Anjali Iyer', '9876543471', 'PAT-2026-756790', NULL, NULL),
(133, 'Anushka Roy', '1990-04-06', 'Female', '9876543472', '503 Thyme Drive', 'Hyderabad', 'Telangana', '500011', 'B+', 167.00, 62.00, 'None', 'Thyroid', 'Ravi Roy', '9876543473', 'PAT-2026-96405F', NULL, NULL),
(134, 'Aditya Singh', '1982-12-17', 'Male', '9876543474', '614 Valerian Lane', 'Bangalore', 'Karnataka', '560011', 'O-', 175.00, 74.00, 'None', 'Migraine', 'Geeta Singh', '9876543475', 'PAT-2026-7724F2', NULL, NULL),
(135, 'Ritika Nair', '1986-09-28', 'Female', '9876543476', '725 Wintergreen Street', 'Mumbai', 'Maharashtra', '400011', 'A-', 166.00, 61.00, 'Latex allergy', 'None', 'Krishnan Nair', '9876543477', 'PAT-2026-1B048B', NULL, NULL),
(136, 'Sameer Roy', '1983-07-08', 'Male', '9876543478', '836 Yarrow Avenue', 'Delhi', 'Delhi', '110011', 'A+', 178.00, 81.00, 'Penicillin', 'Asthma', 'Priya Roy', '9876543479', 'PAT-2026-26B64E', NULL, NULL),
(137, 'Kavya Kumar', '1988-04-19', 'Female', '9876543480', '947 Zucchini Drive', 'Ahmedabad', 'Gujarat', '380011', 'B-', 165.00, 59.00, 'None', 'Diabetes', 'Deepak Kumar', '9876543481', 'PAT-2026-FCDE90', NULL, NULL),
(138, 'Rohan Pandey', '1985-01-30', 'Male', '9876543482', '158 Allspice Lane', 'Pune', 'Maharashtra', '411012', 'AB+', 177.00, 79.00, 'Aspirin', 'Hypertension', 'Sunita Pandey', '9876543483', 'PAT-2026-A2DA52', NULL, NULL),
(139, 'Shreya Desai', '1989-11-10', 'Female', '9876543484', '269 Bergamot Street', 'Chennai', 'Tamil Nadu', '600011', 'O+', 168.00, 63.00, 'None', 'Thyroid', 'Suresh Desai', '9876543485', 'PAT-2026-5F520D', NULL, NULL),
(140, 'Akshay Sharma', '1984-08-21', 'Male', '9876543486', '370 Cardamom Avenue', 'Kochi', 'Kerala', '682011', 'B+', 174.00, 72.00, 'None', 'Migraine', 'Meera Sharma', '9876543487', 'PAT-2026-97A3F4', NULL, NULL),
(141, 'Tanvi Singh', '1987-05-02', 'Female', '9876543488', '481 Caraway Drive', 'Jaipur', 'Rajasthan', '302011', 'O-', 166.00, 61.00, 'Penicillin', 'Hypertension', 'Rajesh Singh', '9876543489', 'PAT-2026-5F8EE7', NULL, NULL),
(142, 'Ravi Gupta', '1990-02-12', 'Male', '9876543490', '592 Coriander Lane', 'Lucknow', 'Uttar Pradesh', '226011', 'A+', 179.00, 82.00, 'None', 'Asthma', 'Geeta Gupta', '9876543491', 'PAT-2026-447BCE', NULL, NULL),
(143, 'Ananya Patel', '1982-12-23', 'Female', '9876543492', '603 Cumin Street', 'Indore', 'Madhya Pradesh', '452011', 'B-', 165.00, 60.00, 'None', 'None', 'Vikram Patel', '9876543493', 'PAT-2026-5070B9', NULL, NULL),
(144, 'Parth Roy', '1986-10-03', 'Male', '9876543494', '714 Dill Avenue', 'Chandigarh', 'Chandigarh', '160011', 'AB-', 176.00, 75.00, 'Aspirin', 'Diabetes', 'Anjali Roy', '9876543495', 'PAT-2026-4363EC', NULL, NULL),
(145, 'Nidhi Gupta', '1983-07-14', 'Female', '9876543496', '825 Echinacea Drive', 'Bhopal', 'Madhya Pradesh', '462011', 'O+', 167.00, 62.00, 'None', 'Thyroid', 'Rajesh Gupta', '9876543497', 'PAT-2026-887BA1', NULL, NULL),
(146, 'Varun Kumar', '1988-04-25', 'Male', '9876543498', '936 Fennel Lane', 'Hyderabad', 'Telangana', '500012', 'B+', 175.00, 77.00, 'Penicillin,Sulfa drugs', 'Migraine', 'Priya Kumar', '9876543499', 'PAT-2026-B71C60', NULL, NULL),
(147, 'Shalini Nair', '1985-02-05', 'Female', '9876543500', '147 Garlic Street', 'Bangalore', 'Karnataka', '560012', 'O-', 168.00, 64.00, 'None', 'Hypertension', 'Mohan Nair', '9876543501', 'PAT-2026-80BEB6', NULL, NULL),
(148, 'Gaurav Desai', '1984-11-16', 'Male', '9876543502', '258 Ginger Avenue', 'Mumbai', 'Maharashtra', '400012', 'A-', 174.00, 73.00, 'None', 'Asthma', 'Geeta Desai', '9876543503', 'PAT-2026-E4F39B', NULL, NULL),
(149, 'Divya Singh', '1989-08-27', 'Female', '9876543504', '369 Hyssop Drive', 'Delhi', 'Delhi', '110012', 'A+', 166.00, 59.00, 'Latex allergy', 'None', 'Deepak Singh', '9876543505', 'PAT-2026-5D0916', NULL, NULL),
(150, 'Rohan Iyer', '1982-06-07', 'Male', '9876543506', '470 Iris Lane', 'Ahmedabad', 'Gujarat', '380012', 'B-', 177.00, 79.00, 'Aspirin', 'Diabetes', 'Sunita Iyer', '9876543507', 'PAT-2026-BB4E7D', NULL, NULL),
(151, 'Sakshi Patel', '1987-03-18', 'Female', '9876543508', '581 Jasmine Street', 'Pune', 'Maharashtra', '411013', 'AB+', 165.00, 61.00, 'None', 'Thyroid', 'Vikram Patel', '9876543509', 'PAT-2026-00EACB', NULL, NULL),
(152, 'Abhishek Desai', '1986-01-29', 'Male', '9876543510', '692 Kale Avenue', 'Chennai', 'Tamil Nadu', '600012', 'O+', 176.00, 75.00, 'Penicillin', 'Migraine', 'Priya Desai', '9876543511', 'PAT-2026-BBBE74', NULL, NULL),
(153, 'Meera Roy', '1990-10-09', 'Female', '9876543512', '703 Lavender Drive', 'Kochi', 'Kerala', '682012', 'B+', 167.00, 63.00, 'None', 'Hypertension,Asthma', 'Ravi Roy', '9876543513', 'PAT-2026-B1EE74', NULL, NULL),
(154, 'Sushant Singh', '1983-07-20', 'Male', '9876543514', '814 Mint Lane', 'Jaipur', 'Rajasthan', '302012', 'O-', 179.00, 81.00, 'None', 'None', 'Geeta Singh', '9876543515', 'PAT-2026-21150B', NULL, NULL),
(155, 'Priya Nair', '1988-04-30', 'Female', '9876543516', '925 Nettle Street', 'Lucknow', 'Uttar Pradesh', '226012', 'A+', 164.00, 58.00, 'Aspirin', 'Diabetes', 'Krishnan Nair', '9876543517', 'PAT-2026-69E3F5', NULL, NULL),
(156, 'Vivek Kumar', '1981-02-11', 'Male', '9876543518', '136 Oregano Avenue', 'Indore', 'Madhya Pradesh', '452012', 'B-', 175.00, 76.00, 'None', 'Thyroid', 'Sunita Kumar', '9876543519', 'PAT-2026-8C4D39', NULL, NULL),
(157, 'Pooja Singh', '1985-12-22', 'Female', '9876543520', '247 Parsley Drive', 'Chandigarh', 'Chandigarh', '160012', 'AB-', 166.00, 61.00, 'None', 'Migraine', 'Rajesh Singh', '9876543521', 'PAT-2026-084883', NULL, NULL),
(158, 'Harsh Roy', '1989-09-02', 'Male', '9876543522', '358 Rosemary Lane', 'Bhopal', 'Madhya Pradesh', '462012', 'O+', 178.00, 80.00, 'Penicillin,Latex allergy', 'Hypertension', 'Anjali Roy', '9876543523', 'PAT-2026-859BB9', NULL, NULL),
(159, 'Isha Patel', '1984-06-13', 'Female', '9876543524', '469 Sage Street', 'Hyderabad', 'Telangana', '500013', 'B+', 165.00, 62.00, 'None', 'Asthma', 'Suresh Patel', '9876543525', 'PAT-2026-D09DC2', NULL, NULL),
(160, 'Nikhil Sharma', '1987-03-24', 'Male', '9876543526', '570 Tarragon Avenue', 'Bangalore', 'Karnataka', '560013', 'O-', 174.00, 74.00, 'Aspirin', 'None', 'Meera Sharma', '9876543527', 'PAT-2026-6EB518', NULL, NULL),
(161, 'Anushka Gupta', '1990-01-03', 'Female', '9876543528', '681 Thyme Drive', 'Mumbai', 'Maharashtra', '400013', 'A-', 168.00, 64.00, 'None', 'Diabetes', 'Deepak Gupta', '9876543529', 'PAT-2026-A8223C', NULL, NULL),
(162, 'Aditya Roy', '1982-10-14', 'Male', '9876543530', '792 Valerian Lane', 'Delhi', 'Delhi', '110013', 'A+', 177.00, 78.00, 'None', 'Thyroid', 'Geeta Roy', '9876543531', 'PAT-2026-56CE95', NULL, NULL),
(163, 'Ritika Singh', '1986-07-25', 'Female', '9876543532', '803 Wintergreen Street', 'Ahmedabad', 'Gujarat', '380013', 'B-', 166.00, 59.00, 'Penicillin', 'Migraine', 'Vikram Singh', '9876543533', 'PAT-2026-0F38FB', NULL, NULL),
(164, 'Sameer Gupta', '1983-05-05', 'Male', '9876543534', '914 Yarrow Avenue', 'Pune', 'Maharashtra', '411014', 'AB+', 179.00, 82.00, 'None', 'Hypertension', 'Priya Gupta', '9876543535', 'PAT-2026-C5DFBD', NULL, NULL),
(165, 'Kavya Nair', '1988-02-16', 'Female', '9876543536', '125 Zucchini Drive', 'Chennai', 'Tamil Nadu', '600013', 'O+', 165.00, 61.00, 'Aspirin', 'Asthma', 'Ravi Nair', '9876543537', 'PAT-2026-2E04DB', NULL, NULL),
(166, 'Rohan Singh', '1985-12-27', 'Male', '9876543538', '236 Allspice Lane', 'Kochi', 'Kerala', '682013', 'B+', 176.00, 75.00, 'None', 'None', 'Sunita Singh', '9876543539', 'PAT-2026-09150F', NULL, NULL),
(167, 'Shreya Roy', '1989-09-07', 'Female', '9876543540', '347 Bergamot Street', 'Jaipur', 'Rajasthan', '302013', 'O-', 167.00, 62.00, 'None', 'Diabetes', 'Arun Roy', '9876543541', 'PAT-2026-8CD899', NULL, NULL),
(168, 'Akshay Patel', '1984-06-18', 'Male', '9876543542', '458 Cardamom Avenue', 'Lucknow', 'Uttar Pradesh', '226013', 'A+', 175.00, 74.00, 'Penicillin,Sulfa drugs', 'Thyroid', 'Divya Patel', '9876543543', 'PAT-2026-D8455D', NULL, NULL),
(169, 'Tanvi Desai', '1987-03-29', 'Female', '9876543544', '569 Caraway Drive', 'Indore', 'Madhya Pradesh', '452013', 'B-', 168.00, 63.00, 'None', 'Migraine', 'Deepak Desai', '9876543545', 'PAT-2026-AF913F', NULL, NULL),
(170, 'Ravi Patel', '1990-01-08', 'Male', '9876543546', '670 Coriander Lane', 'Chandigarh', 'Chandigarh', '160013', 'AB-', 174.00, 72.00, 'Latex allergy', 'Hypertension', 'Geeta Patel', '9876543547', 'PAT-2026-BBB240', NULL, NULL),
(171, 'Ananya Iyer', '1982-11-19', 'Female', '9876543548', '781 Cumin Street', 'Bhopal', 'Madhya Pradesh', '462013', 'O+', 166.00, 60.00, 'None', 'Asthma', 'Krishnan Iyer', '9876543549', 'PAT-2026-09179F', NULL, NULL),
(172, 'Parth Nair', '1986-08-30', 'Male', '9876543550', '892 Dill Avenue', 'Hyderabad', 'Telangana', '500014', 'B+', 177.00, 79.00, 'Aspirin', 'None', 'Anjali Nair', '9876543551', 'PAT-2026-234FD3', NULL, NULL),
(173, 'Nidhi Sharma', '1983-06-10', 'Female', '9876543552', '903 Echinacea Drive', 'Bangalore', 'Karnataka', '560014', 'O-', 165.00, 61.00, 'None', 'Diabetes', 'Rajesh Sharma', '9876543553', 'PAT-2026-DCE864', NULL, NULL),
(174, 'Varun Roy', '1988-03-21', 'Male', '9876543554', '114 Fennel Lane', 'Mumbai', 'Maharashtra', '400014', 'A-', 179.00, 80.00, 'Penicillin', 'Thyroid', 'Priya Roy', '9876543555', 'PAT-2026-584446', NULL, NULL),
(175, 'Shalini Kumar', '1985-01-01', 'Female', '9876543556', '225 Garlic Street', 'Delhi', 'Delhi', '110014', 'A+', 168.00, 64.00, 'None', 'Migraine', 'Vikram Kumar', '9876543557', 'PAT-2026-D426CB', NULL, NULL),
(176, 'Gaurav Patel', '1984-10-12', 'Male', '9876543558', '336 Ginger Avenue', 'Ahmedabad', 'Gujarat', '380014', 'B-', 176.00, 75.00, 'Aspirin', 'Hypertension', 'Meera Patel', '9876543559', 'PAT-2026-18F285', NULL, NULL),
(177, 'Divya Desai', '1989-07-23', 'Female', '9876543560', '447 Hyssop Drive', 'Pune', 'Maharashtra', '411015', 'AB+', 167.00, 62.00, 'None', 'Asthma', 'Suresh Desai', '9876543561', 'PAT-2026-F9DE98', NULL, NULL),
(178, 'Rohan Gupta', '1982-05-03', 'Male', '9876543562', '558 Iris Lane', 'Chennai', 'Tamil Nadu', '600014', 'O+', 175.00, 76.00, 'None', 'None', 'Sunita Gupta', '9876543563', 'PAT-2026-B82367', NULL, NULL),
(179, 'Sakshi Roy', '1987-02-14', 'Female', '9876543564', '669 Jasmine Street', 'Kochi', 'Kerala', '682014', 'B+', 166.00, 61.00, 'Penicillin,Latex allergy', 'Diabetes', 'Ravi Roy', '9876543565', 'PAT-2026-A64713', NULL, NULL),
(180, 'Abhishek Kumar', '1986-12-25', 'Male', '9876543566', '770 Kale Avenue', 'Jaipur', 'Rajasthan', '302014', 'O-', 178.00, 81.00, 'None', 'Thyroid', 'Geeta Kumar', '9876543567', 'PAT-2026-E8F1B2', NULL, NULL),
(181, 'Meera Patel', '1990-09-04', 'Female', '9876543568', '881 Lavender Drive', 'Lucknow', 'Uttar Pradesh', '226014', 'A+', 165.00, 59.00, 'Aspirin', 'Migraine', 'Deepak Patel', '9876543569', 'PAT-2026-AEB520', NULL, NULL),
(182, 'Sushant Roy', '1983-07-15', 'Male', '9876543570', '992 Mint Lane', 'Indore', 'Madhya Pradesh', '452014', 'B-', 174.00, 74.00, 'None', 'Hypertension', 'Anjali Roy', '9876543571', 'PAT-2026-1C2D1F', NULL, NULL),
(183, 'Priya Singh', '1988-04-26', 'Female', '9876543572', '103 Nettle Street', 'Chandigarh', 'Chandigarh', '160014', 'AB-', 168.00, 63.00, 'None', 'Asthma', 'Rajesh Singh', '9876543573', 'PAT-2026-68AA24', NULL, NULL),
(184, 'Vivek Desai', '1981-02-06', 'Male', '9876543574', '214 Oregano Avenue', 'Bhopal', 'Madhya Pradesh', '462014', 'O+', 177.00, 79.00, 'Penicillin', 'None', 'Priya Desai', '9876543575', 'PAT-2026-10E802', NULL, NULL),
(185, 'Pooja Nair', '1985-12-17', 'Female', '9876543576', '325 Parsley Drive', 'Hyderabad', 'Telangana', '500015', 'B+', 166.00, 60.00, 'None', 'Diabetes', 'Mohan Nair', '9876543577', 'PAT-2026-314244', NULL, NULL),
(186, 'Harsh Sharma', '1989-09-28', 'Male', '9876543578', '436 Rosemary Lane', 'Bangalore', 'Karnataka', '560015', 'O-', 176.00, 75.00, 'Aspirin', 'Thyroid', 'Geeta Sharma', '9876543579', 'PAT-2026-E7E362', NULL, NULL),
(187, 'Isha Gupta', '1984-07-08', 'Female', '9876543580', '547 Sage Street', 'Mumbai', 'Maharashtra', '400015', 'A-', 165.00, 61.00, 'None', 'Migraine', 'Vikram Gupta', '9876543581', 'PAT-2026-764ACA', NULL, NULL),
(188, 'Nikhil Roy', '1987-04-19', 'Male', '9876543582', '658 Tarragon Avenue', 'Delhi', 'Delhi', '110015', 'A+', 179.00, 82.00, 'Penicillin,Sulfa drugs', 'Hypertension', 'Anjali Roy', '9876543583', 'PAT-2026-F62448', NULL, NULL),
(189, 'Anushka Sharma', '1990-01-29', 'Female', '9876543584', '769 Thyme Drive', 'Ahmedabad', 'Gujarat', '380015', 'B-', 167.00, 62.00, 'None', 'Asthma', 'Deepak Sharma', '9876543585', 'PAT-2026-FA0736', NULL, NULL),
(190, 'Aditya Nair', '1982-11-09', 'Male', '9876543586', '870 Valerian Lane', 'Pune', 'Maharashtra', '411016', 'AB+', 175.00, 74.00, 'Latex allergy', 'None', 'Sunita Nair', '9876543587', 'PAT-2026-99BC72', NULL, NULL),
(191, 'Ritika Roy', '1986-08-20', 'Female', '9876543588', '981 Wintergreen Street', 'Chennai', 'Tamil Nadu', '600015', 'O+', 168.00, 64.00, 'Aspirin', 'Diabetes', 'Ravi Roy', '9876543589', 'PAT-2026-485D25', NULL, NULL),
(192, 'Sameer Singh', '1983-06-01', 'Male', '9876543590', '192 Yarrow Avenue', 'Kochi', 'Kerala', '682015', 'B+', 174.00, 73.00, 'None', 'Thyroid', 'Geeta Singh', '9876543591', 'PAT-2026-4CA5A1', NULL, NULL),
(193, 'Kavya Desai', '1988-03-12', 'Female', '9876543592', '203 Zucchini Drive', 'Jaipur', 'Rajasthan', '302015', 'O-', 166.00, 59.00, 'None', 'Migraine', 'Suresh Desai', '9876543593', 'PAT-2026-D280B0', NULL, NULL),
(194, 'Rohan Roy', '1985-01-23', 'Male', '9876543594', '314 Allspice Lane', 'Lucknow', 'Uttar Pradesh', '226015', 'A+', 177.00, 78.00, 'Penicillin', 'Hypertension', 'Anjali Roy', '9876543595', 'PAT-2026-B3E6A0', NULL, NULL),
(195, 'Shreya Kumar', '1989-10-03', 'Female', '9876543596', '425 Bergamot Street', 'Indore', 'Madhya Pradesh', '452015', 'B-', 165.00, 61.00, 'None', 'Asthma', 'Rajesh Kumar', '9876543597', 'PAT-2026-31C485', NULL, NULL),
(196, 'Akshay Roy', '1984-07-14', 'Male', '9876543598', '536 Cardamom Avenue', 'Chandigarh', 'Chandigarh', '160015', 'AB-', 179.00, 81.00, 'Aspirin', 'None', 'Divya Roy', '9876543599', 'PAT-2026-CEEE78', NULL, NULL),
(197, 'Tanvi Nair', '1987-04-25', 'Female', '9876543600', '647 Caraway Drive', 'Bhopal', 'Madhya Pradesh', '462015', 'O+', 167.00, 63.00, 'None', 'Diabetes', 'Mohan Nair', '9876543601', 'PAT-2026-5E49BD', NULL, NULL),
(198, 'Ravi Roy', '1990-02-04', 'Male', '9876543602', '758 Coriander Lane', 'Hyderabad', 'Telangana', '500016', 'B+', 176.00, 75.00, 'Penicillin', 'Thyroid', 'Sunita Roy', '9876543603', 'PAT-2026-DA51BE', NULL, NULL),
(199, 'Ananya Gupta', '1982-12-15', 'Female', '9876543604', '869 Cumin Street', 'Bangalore', 'Karnataka', '560016', 'O-', 168.00, 64.00, 'None', 'Migraine', 'Vikram Gupta', '9876543605', 'PAT-2026-2A2CB2', NULL, NULL),
(200, 'Parth Singh', '1986-09-26', 'Male', '9876543606', '970 Dill Avenue', 'Mumbai', 'Maharashtra', '400016', 'A-', 175.00, 77.00, 'Aspirin', 'Hypertension', 'Geeta Singh', '9876543607', 'PAT-2026-45FA27', NULL, NULL),
(201, 'Nidhi Roy', '1983-07-06', 'Female', '9876543608', '181 Echinacea Drive', 'Delhi', 'Delhi', '110016', 'A+', 166.00, 61.00, 'None', 'Asthma', 'Arun Roy', '9876543609', 'PAT-2026-632F16', NULL, NULL),
(202, NULL, NULL, NULL, '1234567890', NULL, NULL, NULL, NULL, NULL, NULL, NULL, NULL, NULL, NULL, NULL, 'PAT-2026-6X0TJ7', 'larsenpf3hilip@mail.com', '$2y$10$i.UZEWZpKT4X3lRzul6Rr.9udSbzTUY5A8hZb7noyxOyBxtbq9sTi'),
(203, 'Philip Larsen ', '2005-09-03', 'Male', '1234567890', 'edsaefwdas', 'erdsc', 'erwcd', 'verwdsa', 'B+', 163.00, 65.00, 'ikujyhtbgr', 'rveds', 'rved', '1234567840', 'PAT-2026-1XW1E5', 'larsenphilip476@gmail.com', '$2y$10$3RNw.pMk719ELqQkmlnt9.4gSMXbqio8U2l5pRFpPnrWEIeZrdkIi'),
(204, 'Vinoth Kumar ', '2005-10-21', 'Male', '9744256146', 'niuabfik', 'naegkier', 'ijdfsngdnhi', '84641655', 'O+', 173.00, 67.00, 'bgtrfdsa,btrefwdsa,erfwd,erfwdq', 'rbtefwd,efwq,erfwq,efw', 'eyfgvu', '1234567890', 'PAT-2026-DHI109', 'vk@mail.com', '$2y$10$I2D4LjcKfTyjEWCZUjdGnOjCb1ZcOL09xIp5p2/05/OK51.VbNA0W'),
(205, 'New PAtient', '2022-01-04', 'Female', '7845967852', 'adddres ', 'city', 'state', '600063', 'B-', 160.00, 65.00, 'allergy1,allergy2,allergy3', 'condition1,condtion1,condtion3', 'another patient ', '1234567890', 'PAT-2026-0C21HE', 'newpatient@mail.com', '$2y$10$gUb7xnXhKUKomqcUF1yZ4enG0clf6X2DTCEUTwEKIeGWheWX18R/m'),
(206, 'New PAtient', '2026-01-02', 'Female', '1234567890', 'adddres ', 'Tambaram', 'state', '600063', 'A+', 345.00, 65.00, 'peanut', 'heart ache', 'dan', '1234567890', 'PAT-2026-L06X0H', 'dtrjk@mail.com', '$2y$10$dAhrpkcNkSc8Ejq5c.SEyuIuabVXW0oFBU/BWVtt6cVlxP6LHdt5W'),
(207, NULL, NULL, NULL, '1234567890', NULL, NULL, NULL, NULL, NULL, NULL, NULL, NULL, NULL, NULL, NULL, 'PAT-2026-Z99NZ0', '123@gmail.com', '$2y$10$V02MAFkISqSePBgIhuGCHeQa3WqX.RLMZtwrodr84LPvydSjy0TPu');

-- --------------------------------------------------------

--
-- Table structure for table `patient_images`
--

CREATE TABLE `patient_images` (
  `image_id` int(11) NOT NULL,
  `patient_id` varchar(50) DEFAULT NULL,
  `image_type` varchar(50) DEFAULT NULL,
  `file_path` text DEFAULT NULL,
  `original_file_name` varchar(255) DEFAULT NULL,
  `modality` varchar(100) DEFAULT NULL,
  `description` text DEFAULT NULL,
  `taken_at` datetime DEFAULT NULL
) ENGINE=InnoDB DEFAULT CHARSET=utf8mb4 COLLATE=utf8mb4_general_ci;

--
-- Dumping data for table `patient_images`
--

INSERT INTO `patient_images` (`image_id`, `patient_id`, `image_type`, `file_path`, `original_file_name`, `modality`, `description`, `taken_at`) VALUES
(1, 'PAT-2026-981914', 'Prescription', 'prescriptions/42.jpg', '42.jpg', 'Prescription Image', 'Prescription uploaded for patient 2', '2025-03-18 16:13:45'),
(2, 'PAT-2026-981914', 'Report', 'reports/48.jpg', '48.jpg', 'Medical Report', 'Report uploaded for patient 2', '2025-04-24 16:13:45'),
(3, 'PAT-2026-981914', 'MRI', 'mri/38.jpg', '38.jpg', 'MRI Scan', 'MRI uploaded for patient 2', '2025-07-29 16:13:45'),
(4, 'PAT-2026-C143BD', 'Report', 'reports/27.jpg', '27.jpg', 'Medical Report', 'Report uploaded for patient 3', '2025-11-11 16:13:45'),
(5, 'PAT-2026-C143BD', 'Prescription', 'prescriptions/19.jpg', '19.jpg', 'Prescription Image', 'Prescription uploaded for patient 3', '2025-10-14 16:13:45'),
(6, 'PAT-2026-C143BD', 'Prescription', 'prescriptions/15.jpg', '15.jpg', 'Prescription Image', 'Prescription uploaded for patient 3', '2025-04-06 16:13:45'),
(7, 'PAT-2026-C143BD', 'Prescription', 'prescriptions/2.jpg', '2.jpg', 'Prescription Image', 'Prescription uploaded for patient 3', '2025-02-23 16:13:45'),
(8, 'PAT-2026-47B42F', 'Prescription', 'prescriptions/18.jpg', '18.jpg', 'Prescription Image', 'Prescription uploaded for patient 4', '2025-10-29 16:13:45'),
(9, 'PAT-2026-47B42F', 'MRI', 'mri/47.jpg', '47.jpg', 'MRI Scan', 'MRI uploaded for patient 4', '2025-07-31 16:13:45'),
(10, 'PAT-2026-DB43EC', 'Report', 'reports/10.jpg', '10.jpg', 'Medical Report', 'Report uploaded for patient 5', '2025-02-18 16:13:45'),
(11, 'PAT-2026-DB43EC', 'Prescription', 'prescriptions/13.jpg', '13.jpg', 'Prescription Image', 'Prescription uploaded for patient 5', '2025-06-26 16:13:45'),
(12, 'PAT-2026-DB43EC', 'Report', 'reports/26.jpg', '26.jpg', 'Medical Report', 'Report uploaded for patient 5', '2025-12-10 16:13:45'),
(13, 'PAT-2026-DB43EC', 'Report', 'reports/39.jpg', '39.jpg', 'Medical Report', 'Report uploaded for patient 5', '2025-08-06 16:13:45'),
(14, 'PAT-2026-A558DC', 'Report', 'reports/29.jpg', '29.jpg', 'Medical Report', 'Report uploaded for patient 6', '2025-05-20 16:13:45'),
(15, 'PAT-2026-A558DC', 'MRI', 'mri/9.jpg', '9.jpg', 'MRI Scan', 'MRI uploaded for patient 6', '2025-03-19 16:13:45'),
(16, 'PAT-2026-1385F4', 'Report', 'reports/45.jpg', '45.jpg', 'Medical Report', 'Report uploaded for patient 7', '2026-01-07 16:13:45'),
(17, 'PAT-2026-1385F4', 'MRI', 'mri/42.jpg', '42.jpg', 'MRI Scan', 'MRI uploaded for patient 7', '2025-06-09 16:13:45'),
(18, 'PAT-2026-1385F4', 'Prescription', 'prescriptions/39.jpg', '39.jpg', 'Prescription Image', 'Prescription uploaded for patient 7', '2025-02-22 16:13:45'),
(19, 'PAT-2026-1385F4', 'MRI', 'mri/12.jpg', '12.jpg', 'MRI Scan', 'MRI uploaded for patient 7', '2025-12-27 16:13:45'),
(20, 'PAT-2026-9562CA', 'Report', 'reports/6.jpg', '6.jpg', 'Medical Report', 'Report uploaded for patient 8', '2026-01-01 16:13:45'),
(21, 'PAT-2026-9562CA', 'Report', 'reports/30.jpg', '30.jpg', 'Medical Report', 'Report uploaded for patient 8', '2025-08-12 16:13:45'),
(22, 'PAT-2026-9562CA', 'MRI', 'mri/34.jpg', '34.jpg', 'MRI Scan', 'MRI uploaded for patient 8', '2025-12-24 16:13:45'),
(23, 'PAT-2026-9562CA', 'Prescription', 'prescriptions/40.jpg', '40.jpg', 'Prescription Image', 'Prescription uploaded for patient 8', '2025-09-30 16:13:45'),
(24, 'PAT-2026-9562CA', 'Prescription', 'prescriptions/22.jpg', '22.jpg', 'Prescription Image', 'Prescription uploaded for patient 8', '2025-02-19 16:13:45'),
(25, 'PAT-2026-9FAD91', 'MRI', 'mri/48.jpg', '48.jpg', 'MRI Scan', 'MRI uploaded for patient 9', '2025-01-31 16:13:45'),
(26, 'PAT-2026-9FAD91', 'Report', 'reports/9.jpg', '9.jpg', 'Medical Report', 'Report uploaded for patient 9', '2025-11-29 16:13:45'),
(27, 'PAT-2026-9FAD91', 'Report', 'reports/12.jpg', '12.jpg', 'Medical Report', 'Report uploaded for patient 9', '2025-07-19 16:13:45'),
(28, 'PAT-2026-9FAD91', 'MRI', 'mri/23.jpg', '23.jpg', 'MRI Scan', 'MRI uploaded for patient 9', '2025-01-17 16:13:45'),
(29, 'PAT-2026-9FAD91', 'MRI', 'mri/33.jpg', '33.jpg', 'MRI Scan', 'MRI uploaded for patient 9', '2025-01-15 16:13:45'),
(30, 'PAT-2026-26224B', 'MRI', 'mri/3.jpg', '3.jpg', 'MRI Scan', 'MRI uploaded for patient 10', '2025-06-13 16:13:45'),
(31, 'PAT-2026-26224B', 'Prescription', 'prescriptions/22.jpg', '22.jpg', 'Prescription Image', 'Prescription uploaded for patient 10', '2025-08-26 16:13:45'),
(32, 'PAT-2026-EC7B67', 'Report', 'reports/12.jpg', '12.jpg', 'Medical Report', 'Report uploaded for patient 11', '2025-04-24 16:13:45'),
(33, 'PAT-2026-EC7B67', 'MRI', 'mri/39.jpg', '39.jpg', 'MRI Scan', 'MRI uploaded for patient 11', '2025-08-29 16:13:45'),
(34, 'PAT-2026-EC7B67', 'Report', 'reports/39.jpg', '39.jpg', 'Medical Report', 'Report uploaded for patient 11', '2025-10-03 16:13:45'),
(35, 'PAT-2026-EC7B67', 'Prescription', 'prescriptions/30.jpg', '30.jpg', 'Prescription Image', 'Prescription uploaded for patient 11', '2026-01-09 16:13:45'),
(36, 'PAT-2026-EC7B67', 'MRI', 'mri/19.jpg', '19.jpg', 'MRI Scan', 'MRI uploaded for patient 11', '2025-02-18 16:13:45'),
(37, 'PAT-2026-097283', 'Prescription', 'prescriptions/27.jpg', '27.jpg', 'Prescription Image', 'Prescription uploaded for patient 12', '2025-02-12 16:13:45'),
(38, 'PAT-2026-097283', 'Prescription', 'prescriptions/14.jpg', '14.jpg', 'Prescription Image', 'Prescription uploaded for patient 12', '2025-03-14 16:13:45'),
(39, 'PAT-2026-097283', 'Report', 'reports/31.jpg', '31.jpg', 'Medical Report', 'Report uploaded for patient 12', '2025-11-23 16:13:45'),
(40, 'PAT-2026-097283', 'Report', 'reports/46.jpg', '46.jpg', 'Medical Report', 'Report uploaded for patient 12', '2025-12-02 16:13:45'),
(41, 'PAT-2026-097283', 'Report', 'reports/4.jpg', '4.jpg', 'Medical Report', 'Report uploaded for patient 12', '2025-05-23 16:13:45'),
(42, 'PAT-2026-910D7F', 'Report', 'reports/11.jpg', '11.jpg', 'Medical Report', 'Report uploaded for patient 13', '2025-02-17 16:13:45'),
(43, 'PAT-2026-910D7F', 'Report', 'reports/50.jpg', '50.jpg', 'Medical Report', 'Report uploaded for patient 13', '2025-01-28 16:13:45'),
(44, 'PAT-2026-910D7F', 'MRI', 'mri/3.jpg', '3.jpg', 'MRI Scan', 'MRI uploaded for patient 13', '2025-11-04 16:13:45'),
(45, 'PAT-2026-19B8D8', 'Prescription', 'prescriptions/6.jpg', '6.jpg', 'Prescription Image', 'Prescription uploaded for patient 14', '2025-07-16 16:13:45'),
(46, 'PAT-2026-19B8D8', 'Report', 'reports/13.jpg', '13.jpg', 'Medical Report', 'Report uploaded for patient 14', '2025-11-17 16:13:45'),
(47, 'PAT-2026-1244D1', 'MRI', 'mri/18.jpg', '18.jpg', 'MRI Scan', 'MRI uploaded for patient 15', '2025-02-20 16:13:45'),
(48, 'PAT-2026-1244D1', 'Prescription', 'prescriptions/45.jpg', '45.jpg', 'Prescription Image', 'Prescription uploaded for patient 15', '2025-02-01 16:13:45'),
(49, 'PAT-2026-1244D1', 'Report', 'reports/29.jpg', '29.jpg', 'Medical Report', 'Report uploaded for patient 15', '2025-02-26 16:13:45'),
(50, 'PAT-2026-1244D1', 'Prescription', 'prescriptions/38.jpg', '38.jpg', 'Prescription Image', 'Prescription uploaded for patient 15', '2025-05-31 16:13:45'),
(51, 'PAT-2026-1244D1', 'Report', 'reports/12.jpg', '12.jpg', 'Medical Report', 'Report uploaded for patient 15', '2025-05-22 16:13:45'),
(52, 'PAT-2026-F53C24', 'Report', 'reports/1.jpg', '1.jpg', 'Medical Report', 'Report uploaded for patient 16', '2025-04-13 16:13:45'),
(53, 'PAT-2026-F53C24', 'Prescription', 'prescriptions/48.jpg', '48.jpg', 'Prescription Image', 'Prescription uploaded for patient 16', '2025-06-03 16:13:45'),
(54, 'PAT-2026-F53C24', 'Report', 'reports/20.jpg', '20.jpg', 'Medical Report', 'Report uploaded for patient 16', '2025-05-14 16:13:45'),
(55, 'PAT-2026-F53C24', 'Report', 'reports/13.jpg', '13.jpg', 'Medical Report', 'Report uploaded for patient 16', '2025-03-14 16:13:45'),
(56, 'PAT-2026-F53C24', 'Report', 'reports/39.jpg', '39.jpg', 'Medical Report', 'Report uploaded for patient 16', '2025-02-27 16:13:45'),
(57, 'PAT-2026-8DCB40', 'MRI', 'mri/21.jpg', '21.jpg', 'MRI Scan', 'MRI uploaded for patient 17', '2025-06-21 16:13:45'),
(58, 'PAT-2026-8DCB40', 'Prescription', 'prescriptions/35.jpg', '35.jpg', 'Prescription Image', 'Prescription uploaded for patient 17', '2025-05-02 16:13:45'),
(59, 'PAT-2026-8DCB40', 'Report', 'reports/48.jpg', '48.jpg', 'Medical Report', 'Report uploaded for patient 17', '2025-07-08 16:13:45'),
(60, 'PAT-2026-8DCB40', 'Prescription', 'prescriptions/1.jpg', '1.jpg', 'Prescription Image', 'Prescription uploaded for patient 17', '2025-09-08 16:13:45'),
(61, 'PAT-2026-9C9ADF', 'Report', 'reports/16.jpg', '16.jpg', 'Medical Report', 'Report uploaded for patient 18', '2025-10-22 16:13:45'),
(62, 'PAT-2026-9C9ADF', 'MRI', 'mri/21.jpg', '21.jpg', 'MRI Scan', 'MRI uploaded for patient 18', '2025-01-27 16:13:45'),
(63, 'PAT-2026-9C9ADF', 'MRI', 'mri/36.jpg', '36.jpg', 'MRI Scan', 'MRI uploaded for patient 18', '2025-09-09 16:13:45'),
(64, 'PAT-2026-064A42', 'Prescription', 'prescriptions/22.jpg', '22.jpg', 'Prescription Image', 'Prescription uploaded for patient 19', '2025-03-09 16:13:45'),
(65, 'PAT-2026-064A42', 'MRI', 'mri/14.jpg', '14.jpg', 'MRI Scan', 'MRI uploaded for patient 19', '2025-06-22 16:13:45'),
(66, 'PAT-2026-064A42', 'Prescription', 'prescriptions/7.jpg', '7.jpg', 'Prescription Image', 'Prescription uploaded for patient 19', '2025-08-16 16:13:45'),
(67, 'PAT-2026-AF921A', 'Prescription', 'prescriptions/10.jpg', '10.jpg', 'Prescription Image', 'Prescription uploaded for patient 20', '2025-02-16 16:13:45'),
(68, 'PAT-2026-AF921A', 'Report', 'reports/38.jpg', '38.jpg', 'Medical Report', 'Report uploaded for patient 20', '2025-05-01 16:13:45'),
(69, 'PAT-2026-AF921A', 'MRI', 'mri/7.jpg', '7.jpg', 'MRI Scan', 'MRI uploaded for patient 20', '2025-02-22 16:13:45'),
(70, 'PAT-2026-AF921A', 'Report', 'reports/48.jpg', '48.jpg', 'Medical Report', 'Report uploaded for patient 20', '2025-06-12 16:13:45'),
(71, 'PAT-2026-AF921A', 'Prescription', 'prescriptions/18.jpg', '18.jpg', 'Prescription Image', 'Prescription uploaded for patient 20', '2025-06-11 16:13:45'),
(72, 'PAT-2026-356B45', 'MRI', 'mri/23.jpg', '23.jpg', 'MRI Scan', 'MRI uploaded for patient 21', '2025-09-16 16:13:45'),
(73, 'PAT-2026-356B45', 'Prescription', 'prescriptions/32.jpg', '32.jpg', 'Prescription Image', 'Prescription uploaded for patient 21', '2025-08-05 16:13:45'),
(74, 'PAT-2026-356B45', 'Prescription', 'prescriptions/29.jpg', '29.jpg', 'Prescription Image', 'Prescription uploaded for patient 21', '2025-06-30 16:13:45'),
(75, 'PAT-2026-356B45', 'Report', 'reports/19.jpg', '19.jpg', 'Medical Report', 'Report uploaded for patient 21', '2025-06-19 16:13:45'),
(76, 'PAT-2026-356B45', 'Prescription', 'prescriptions/49.jpg', '49.jpg', 'Prescription Image', 'Prescription uploaded for patient 21', '2025-10-01 16:13:45'),
(77, 'PAT-2026-E4F8A5', 'MRI', 'mri/6.jpg', '6.jpg', 'MRI Scan', 'MRI uploaded for patient 22', '2025-06-03 16:13:45'),
(78, 'PAT-2026-E4F8A5', 'MRI', 'mri/29.jpg', '29.jpg', 'MRI Scan', 'MRI uploaded for patient 22', '2025-04-02 16:13:45'),
(79, 'PAT-2026-E4F8A5', 'MRI', 'mri/6.jpg', '6.jpg', 'MRI Scan', 'MRI uploaded for patient 22', '2025-06-29 16:13:45'),
(80, 'PAT-2026-23D9B7', 'MRI', 'mri/18.jpg', '18.jpg', 'MRI Scan', 'MRI uploaded for patient 23', '2025-07-23 16:13:45'),
(81, 'PAT-2026-23D9B7', 'Report', 'reports/35.jpg', '35.jpg', 'Medical Report', 'Report uploaded for patient 23', '2025-09-04 16:13:45'),
(82, 'PAT-2026-23D9B7', 'Report', 'reports/18.jpg', '18.jpg', 'Medical Report', 'Report uploaded for patient 23', '2025-05-31 16:13:45'),
(83, 'PAT-2026-23D9B7', 'Prescription', 'prescriptions/40.jpg', '40.jpg', 'Prescription Image', 'Prescription uploaded for patient 23', '2025-04-12 16:13:45'),
(84, 'PAT-2026-FA3A97', 'Report', 'reports/37.jpg', '37.jpg', 'Medical Report', 'Report uploaded for patient 24', '2025-11-24 16:13:45'),
(85, 'PAT-2026-FA3A97', 'Report', 'reports/36.jpg', '36.jpg', 'Medical Report', 'Report uploaded for patient 24', '2025-01-21 16:13:45'),
(86, 'PAT-2026-AE674A', 'Report', 'reports/24.jpg', '24.jpg', 'Medical Report', 'Report uploaded for patient 25', '2025-03-11 16:13:45'),
(87, 'PAT-2026-AE674A', 'Report', 'reports/19.jpg', '19.jpg', 'Medical Report', 'Report uploaded for patient 25', '2025-06-18 16:13:45'),
(88, 'PAT-2026-AE674A', 'MRI', 'mri/36.jpg', '36.jpg', 'MRI Scan', 'MRI uploaded for patient 25', '2025-06-14 16:13:45'),
(89, 'PAT-2026-D8404B', 'Prescription', 'prescriptions/15.jpg', '15.jpg', 'Prescription Image', 'Prescription uploaded for patient 26', '2025-08-21 16:13:45'),
(90, 'PAT-2026-D8404B', 'Report', 'reports/14.jpg', '14.jpg', 'Medical Report', 'Report uploaded for patient 26', '2025-04-22 16:13:45'),
(91, 'PAT-2026-D8404B', 'Prescription', 'prescriptions/44.jpg', '44.jpg', 'Prescription Image', 'Prescription uploaded for patient 26', '2025-10-19 16:13:45'),
(92, 'PAT-2026-A66D7E', 'MRI', 'mri/48.jpg', '48.jpg', 'MRI Scan', 'MRI uploaded for patient 27', '2025-08-26 16:13:45'),
(93, 'PAT-2026-A66D7E', 'Report', 'reports/43.jpg', '43.jpg', 'Medical Report', 'Report uploaded for patient 27', '2025-11-29 16:13:45'),
(94, 'PAT-2026-A66D7E', 'Report', 'reports/17.jpg', '17.jpg', 'Medical Report', 'Report uploaded for patient 27', '2025-09-24 16:13:45'),
(95, 'PAT-2026-A66D7E', 'Prescription', 'prescriptions/28.jpg', '28.jpg', 'Prescription Image', 'Prescription uploaded for patient 27', '2025-06-02 16:13:45'),
(96, 'PAT-2026-A66D7E', 'MRI', 'mri/31.jpg', '31.jpg', 'MRI Scan', 'MRI uploaded for patient 27', '2025-06-10 16:13:45'),
(97, 'PAT-2026-CC5243', 'Prescription', 'prescriptions/21.jpg', '21.jpg', 'Prescription Image', 'Prescription uploaded for patient 28', '2025-10-22 16:13:45'),
(98, 'PAT-2026-CC5243', 'Report', 'reports/20.jpg', '20.jpg', 'Medical Report', 'Report uploaded for patient 28', '2025-09-02 16:13:45'),
(99, 'PAT-2026-B378CE', 'Prescription', 'prescriptions/29.jpg', '29.jpg', 'Prescription Image', 'Prescription uploaded for patient 29', '2025-01-11 16:13:45'),
(100, 'PAT-2026-B378CE', 'MRI', 'mri/49.jpg', '49.jpg', 'MRI Scan', 'MRI uploaded for patient 29', '2025-11-28 16:13:45'),
(101, 'PAT-2026-B378CE', 'MRI', 'mri/23.jpg', '23.jpg', 'MRI Scan', 'MRI uploaded for patient 29', '2025-12-13 16:13:45'),
(102, 'PAT-2026-B378CE', 'Prescription', 'prescriptions/34.jpg', '34.jpg', 'Prescription Image', 'Prescription uploaded for patient 29', '2025-04-25 16:13:45'),
(103, 'PAT-2026-7735D5', 'Prescription', 'prescriptions/38.jpg', '38.jpg', 'Prescription Image', 'Prescription uploaded for patient 30', '2025-12-21 16:13:45'),
(104, 'PAT-2026-7735D5', 'Report', 'reports/42.jpg', '42.jpg', 'Medical Report', 'Report uploaded for patient 30', '2025-01-29 16:13:45'),
(105, 'PAT-2026-7735D5', 'Prescription', 'prescriptions/43.jpg', '43.jpg', 'Prescription Image', 'Prescription uploaded for patient 30', '2025-01-13 16:13:45'),
(106, 'PAT-2026-7735D5', 'Report', 'reports/36.jpg', '36.jpg', 'Medical Report', 'Report uploaded for patient 30', '2025-03-22 16:13:45'),
(107, 'PAT-2026-7735D5', 'Prescription', 'prescriptions/48.jpg', '48.jpg', 'Prescription Image', 'Prescription uploaded for patient 30', '2025-06-25 16:13:45'),
(108, 'PAT-2026-F05528', 'Report', 'reports/12.jpg', '12.jpg', 'Medical Report', 'Report uploaded for patient 31', '2025-11-22 16:13:45'),
(109, 'PAT-2026-F05528', 'MRI', 'mri/1.jpg', '1.jpg', 'MRI Scan', 'MRI uploaded for patient 31', '2025-07-06 16:13:45'),
(110, 'PAT-2026-F05528', 'Prescription', 'prescriptions/23.jpg', '23.jpg', 'Prescription Image', 'Prescription uploaded for patient 31', '2025-11-09 16:13:45'),
(111, 'PAT-2026-F05528', 'MRI', 'mri/20.jpg', '20.jpg', 'MRI Scan', 'MRI uploaded for patient 31', '2025-10-21 16:13:45'),
(112, 'PAT-2026-F05528', 'Prescription', 'prescriptions/19.jpg', '19.jpg', 'Prescription Image', 'Prescription uploaded for patient 31', '2025-11-06 16:13:45'),
(113, 'PAT-2026-6796E4', 'Prescription', 'prescriptions/41.jpg', '41.jpg', 'Prescription Image', 'Prescription uploaded for patient 32', '2025-02-18 16:13:45'),
(114, 'PAT-2026-6796E4', 'Report', 'reports/13.jpg', '13.jpg', 'Medical Report', 'Report uploaded for patient 32', '2025-06-29 16:13:45'),
(115, 'PAT-2026-6796E4', 'MRI', 'mri/45.jpg', '45.jpg', 'MRI Scan', 'MRI uploaded for patient 32', '2025-10-15 16:13:45'),
(116, 'PAT-2026-6796E4', 'MRI', 'mri/5.jpg', '5.jpg', 'MRI Scan', 'MRI uploaded for patient 32', '2025-11-09 16:13:45'),
(117, 'PAT-2026-9C7CF4', 'Prescription', 'prescriptions/1.jpg', '1.jpg', 'Prescription Image', 'Prescription uploaded for patient 33', '2025-02-10 16:13:45'),
(118, 'PAT-2026-9C7CF4', 'Prescription', 'prescriptions/41.jpg', '41.jpg', 'Prescription Image', 'Prescription uploaded for patient 33', '2025-09-18 16:13:45'),
(119, 'PAT-2026-9C7CF4', 'MRI', 'mri/27.jpg', '27.jpg', 'MRI Scan', 'MRI uploaded for patient 33', '2025-08-07 16:13:45'),
(120, 'PAT-2026-9C7CF4', 'Report', 'reports/7.jpg', '7.jpg', 'Medical Report', 'Report uploaded for patient 33', '2025-07-07 16:13:45'),
(121, 'PAT-2026-9B87EE', 'Prescription', 'prescriptions/26.jpg', '26.jpg', 'Prescription Image', 'Prescription uploaded for patient 34', '2025-04-11 16:13:45'),
(122, 'PAT-2026-9B87EE', 'MRI', 'mri/41.jpg', '41.jpg', 'MRI Scan', 'MRI uploaded for patient 34', '2025-04-23 16:13:45'),
(123, 'PAT-2026-9B87EE', 'MRI', 'mri/9.jpg', '9.jpg', 'MRI Scan', 'MRI uploaded for patient 34', '2025-03-07 16:13:45'),
(124, 'PAT-2026-7FA62D', 'Report', 'reports/49.jpg', '49.jpg', 'Medical Report', 'Report uploaded for patient 35', '2025-07-24 16:13:45'),
(125, 'PAT-2026-7FA62D', 'MRI', 'mri/44.jpg', '44.jpg', 'MRI Scan', 'MRI uploaded for patient 35', '2025-03-12 16:13:45'),
(126, 'PAT-2026-7FA62D', 'Report', 'reports/25.jpg', '25.jpg', 'Medical Report', 'Report uploaded for patient 35', '2026-01-06 16:13:45'),
(127, 'PAT-2026-7FA62D', 'Report', 'reports/50.jpg', '50.jpg', 'Medical Report', 'Report uploaded for patient 35', '2025-05-11 16:13:45'),
(128, 'PAT-2026-513BE7', 'Prescription', 'prescriptions/44.jpg', '44.jpg', 'Prescription Image', 'Prescription uploaded for patient 36', '2025-11-09 16:13:45'),
(129, 'PAT-2026-513BE7', 'MRI', 'mri/29.jpg', '29.jpg', 'MRI Scan', 'MRI uploaded for patient 36', '2025-11-28 16:13:45'),
(130, 'PAT-2026-513BE7', 'Report', 'reports/37.jpg', '37.jpg', 'Medical Report', 'Report uploaded for patient 36', '2025-06-14 16:13:45'),
(131, 'PAT-2026-513BE7', 'MRI', 'mri/7.jpg', '7.jpg', 'MRI Scan', 'MRI uploaded for patient 36', '2025-08-12 16:13:45'),
(132, 'PAT-2026-513BE7', 'MRI', 'mri/11.jpg', '11.jpg', 'MRI Scan', 'MRI uploaded for patient 36', '2025-03-07 16:13:45'),
(133, 'PAT-2026-98AB44', 'MRI', 'mri/8.jpg', '8.jpg', 'MRI Scan', 'MRI uploaded for patient 37', '2025-02-24 16:13:45'),
(134, 'PAT-2026-98AB44', 'Report', 'reports/13.jpg', '13.jpg', 'Medical Report', 'Report uploaded for patient 37', '2025-09-22 16:13:45'),
(135, 'PAT-2026-98AB44', 'Report', 'reports/31.jpg', '31.jpg', 'Medical Report', 'Report uploaded for patient 37', '2025-02-22 16:13:45'),
(136, 'PAT-2026-98AB44', 'Prescription', 'prescriptions/22.jpg', '22.jpg', 'Prescription Image', 'Prescription uploaded for patient 37', '2025-10-17 16:13:45'),
(137, 'PAT-2026-98AB44', 'MRI', 'mri/7.jpg', '7.jpg', 'MRI Scan', 'MRI uploaded for patient 37', '2025-02-03 16:13:45'),
(138, 'PAT-2026-AD87A2', 'Report', 'reports/17.jpg', '17.jpg', 'Medical Report', 'Report uploaded for patient 38', '2025-10-02 16:13:45'),
(139, 'PAT-2026-AD87A2', 'MRI', 'mri/26.jpg', '26.jpg', 'MRI Scan', 'MRI uploaded for patient 38', '2025-04-21 16:13:45'),
(140, 'PAT-2026-AD87A2', 'MRI', 'mri/34.jpg', '34.jpg', 'MRI Scan', 'MRI uploaded for patient 38', '2025-07-25 16:13:45'),
(141, 'PAT-2026-AD87A2', 'Report', 'reports/38.jpg', '38.jpg', 'Medical Report', 'Report uploaded for patient 38', '2025-04-22 16:13:45'),
(142, 'PAT-2026-B85453', 'Report', 'reports/4.jpg', '4.jpg', 'Medical Report', 'Report uploaded for patient 39', '2025-10-31 16:13:45'),
(143, 'PAT-2026-B85453', 'Prescription', 'prescriptions/27.jpg', '27.jpg', 'Prescription Image', 'Prescription uploaded for patient 39', '2025-03-06 16:13:45'),
(144, 'PAT-2026-B85453', 'MRI', 'mri/31.jpg', '31.jpg', 'MRI Scan', 'MRI uploaded for patient 39', '2025-05-08 16:13:45'),
(145, 'PAT-2026-B85453', 'MRI', 'mri/41.jpg', '41.jpg', 'MRI Scan', 'MRI uploaded for patient 39', '2025-04-27 16:13:45'),
(146, 'PAT-2026-B85453', 'Report', 'reports/43.jpg', '43.jpg', 'Medical Report', 'Report uploaded for patient 39', '2025-10-19 16:13:45'),
(147, 'PAT-2026-BF8E50', 'MRI', 'mri/34.jpg', '34.jpg', 'MRI Scan', 'MRI uploaded for patient 40', '2025-02-11 16:13:45'),
(148, 'PAT-2026-BF8E50', 'Report', 'reports/42.jpg', '42.jpg', 'Medical Report', 'Report uploaded for patient 40', '2025-10-14 16:13:45'),
(149, 'PAT-2026-BF8E50', 'MRI', 'mri/12.jpg', '12.jpg', 'MRI Scan', 'MRI uploaded for patient 40', '2025-02-21 16:13:45'),
(150, 'PAT-2026-C2198D', 'Prescription', 'prescriptions/27.jpg', '27.jpg', 'Prescription Image', 'Prescription uploaded for patient 41', '2025-09-26 16:13:45'),
(151, 'PAT-2026-C2198D', 'MRI', 'mri/49.jpg', '49.jpg', 'MRI Scan', 'MRI uploaded for patient 41', '2025-02-04 16:13:45'),
(152, 'PAT-2026-C2198D', 'Report', 'reports/49.jpg', '49.jpg', 'Medical Report', 'Report uploaded for patient 41', '2025-11-26 16:13:45'),
(153, 'PAT-2026-C2198D', 'Prescription', 'prescriptions/46.jpg', '46.jpg', 'Prescription Image', 'Prescription uploaded for patient 41', '2025-09-05 16:13:45'),
(154, 'PAT-2026-C2198D', 'Report', 'reports/24.jpg', '24.jpg', 'Medical Report', 'Report uploaded for patient 41', '2025-10-17 16:13:45'),
(155, 'PAT-2026-52658E', 'Prescription', 'prescriptions/25.jpg', '25.jpg', 'Prescription Image', 'Prescription uploaded for patient 42', '2025-03-18 16:13:45'),
(156, 'PAT-2026-52658E', 'Prescription', 'prescriptions/48.jpg', '48.jpg', 'Prescription Image', 'Prescription uploaded for patient 42', '2025-07-06 16:13:45'),
(157, 'PAT-2026-52658E', 'MRI', 'mri/28.jpg', '28.jpg', 'MRI Scan', 'MRI uploaded for patient 42', '2025-01-19 16:13:45'),
(158, 'PAT-2026-52658E', 'Prescription', 'prescriptions/33.jpg', '33.jpg', 'Prescription Image', 'Prescription uploaded for patient 42', '2025-04-30 16:13:45'),
(159, 'PAT-2026-DC5D4E', 'Report', 'reports/24.jpg', '24.jpg', 'Medical Report', 'Report uploaded for patient 43', '2025-03-20 16:13:45'),
(160, 'PAT-2026-DC5D4E', 'Report', 'reports/28.jpg', '28.jpg', 'Medical Report', 'Report uploaded for patient 43', '2025-02-23 16:13:45'),
(161, 'PAT-2026-170B25', 'Prescription', 'prescriptions/30.jpg', '30.jpg', 'Prescription Image', 'Prescription uploaded for patient 44', '2025-03-18 16:13:45'),
(162, 'PAT-2026-170B25', 'Prescription', 'prescriptions/21.jpg', '21.jpg', 'Prescription Image', 'Prescription uploaded for patient 44', '2025-10-18 16:13:45'),
(163, 'PAT-2026-170B25', 'Prescription', 'prescriptions/22.jpg', '22.jpg', 'Prescription Image', 'Prescription uploaded for patient 44', '2025-08-05 16:13:45'),
(164, 'PAT-2026-BF335F', 'MRI', 'mri/3.jpg', '3.jpg', 'MRI Scan', 'MRI uploaded for patient 45', '2025-12-05 16:13:45'),
(165, 'PAT-2026-BF335F', 'Prescription', 'prescriptions/17.jpg', '17.jpg', 'Prescription Image', 'Prescription uploaded for patient 45', '2025-05-08 16:13:45'),
(166, 'PAT-2026-BF335F', 'Report', 'reports/43.jpg', '43.jpg', 'Medical Report', 'Report uploaded for patient 45', '2025-01-18 16:13:45'),
(167, 'PAT-2026-BF335F', 'MRI', 'mri/20.jpg', '20.jpg', 'MRI Scan', 'MRI uploaded for patient 45', '2025-01-17 16:13:45'),
(168, 'PAT-2026-BF335F', 'Prescription', 'prescriptions/4.jpg', '4.jpg', 'Prescription Image', 'Prescription uploaded for patient 45', '2026-01-08 16:13:45'),
(169, 'PAT-2026-DA6A54', 'Prescription', 'prescriptions/8.jpg', '8.jpg', 'Prescription Image', 'Prescription uploaded for patient 46', '2025-03-20 16:13:45'),
(170, 'PAT-2026-DA6A54', 'MRI', 'mri/23.jpg', '23.jpg', 'MRI Scan', 'MRI uploaded for patient 46', '2025-06-26 16:13:45'),
(171, 'PAT-2026-DA6A54', 'Prescription', 'prescriptions/44.jpg', '44.jpg', 'Prescription Image', 'Prescription uploaded for patient 46', '2025-08-06 16:13:45'),
(172, 'PAT-2026-DA6A54', 'Prescription', 'prescriptions/44.jpg', '44.jpg', 'Prescription Image', 'Prescription uploaded for patient 46', '2025-11-24 16:13:45'),
(173, 'PAT-2026-E78BDC', 'MRI', 'mri/5.jpg', '5.jpg', 'MRI Scan', 'MRI uploaded for patient 47', '2025-09-19 16:13:45'),
(174, 'PAT-2026-E78BDC', 'Report', 'reports/14.jpg', '14.jpg', 'Medical Report', 'Report uploaded for patient 47', '2025-12-25 16:13:45'),
(175, 'PAT-2026-E78BDC', 'MRI', 'mri/30.jpg', '30.jpg', 'MRI Scan', 'MRI uploaded for patient 47', '2025-01-22 16:13:45'),
(176, 'PAT-2026-E78BDC', 'Report', 'reports/35.jpg', '35.jpg', 'Medical Report', 'Report uploaded for patient 47', '2025-08-05 16:13:45'),
(177, 'PAT-2026-E78BDC', 'MRI', 'mri/50.jpg', '50.jpg', 'MRI Scan', 'MRI uploaded for patient 47', '2025-05-17 16:13:45'),
(178, 'PAT-2026-A59EED', 'Prescription', 'prescriptions/1.jpg', '1.jpg', 'Prescription Image', 'Prescription uploaded for patient 48', '2025-07-11 16:13:45'),
(179, 'PAT-2026-A59EED', 'Report', 'reports/21.jpg', '21.jpg', 'Medical Report', 'Report uploaded for patient 48', '2025-02-27 16:13:45'),
(180, 'PAT-2026-A59EED', 'Report', 'reports/46.jpg', '46.jpg', 'Medical Report', 'Report uploaded for patient 48', '2025-10-26 16:13:45'),
(181, 'PAT-2026-A59EED', 'Report', 'reports/39.jpg', '39.jpg', 'Medical Report', 'Report uploaded for patient 48', '2025-11-26 16:13:45'),
(182, 'PAT-2026-9D654B', 'MRI', 'mri/22.jpg', '22.jpg', 'MRI Scan', 'MRI uploaded for patient 49', '2025-05-06 16:13:45'),
(183, 'PAT-2026-9D654B', 'Report', 'reports/36.jpg', '36.jpg', 'Medical Report', 'Report uploaded for patient 49', '2025-04-07 16:13:45'),
(184, 'PAT-2026-9D654B', 'Prescription', 'prescriptions/4.jpg', '4.jpg', 'Prescription Image', 'Prescription uploaded for patient 49', '2025-10-09 16:13:45'),
(185, 'PAT-2026-9D654B', 'MRI', 'mri/7.jpg', '7.jpg', 'MRI Scan', 'MRI uploaded for patient 49', '2025-07-14 16:13:45'),
(186, 'PAT-2026-9D654B', 'Report', 'reports/41.jpg', '41.jpg', 'Medical Report', 'Report uploaded for patient 49', '2025-11-01 16:13:45'),
(187, 'PAT-2026-B5A249', 'Report', 'reports/30.jpg', '30.jpg', 'Medical Report', 'Report uploaded for patient 50', '2025-03-20 16:13:45'),
(188, 'PAT-2026-B5A249', 'Prescription', 'prescriptions/11.jpg', '11.jpg', 'Prescription Image', 'Prescription uploaded for patient 50', '2025-10-19 16:13:45'),
(189, 'PAT-2026-3C53BC', 'Prescription', 'prescriptions/15.jpg', '15.jpg', 'Prescription Image', 'Prescription uploaded for patient 51', '2025-02-08 16:13:45'),
(190, 'PAT-2026-3C53BC', 'MRI', 'mri/45.jpg', '45.jpg', 'MRI Scan', 'MRI uploaded for patient 51', '2025-10-29 16:13:45'),
(191, 'PAT-2026-3C53BC', 'Report', 'reports/50.jpg', '50.jpg', 'Medical Report', 'Report uploaded for patient 51', '2025-11-15 16:13:45'),
(192, 'PAT-2026-762A1E', 'MRI', 'mri/6.jpg', '6.jpg', 'MRI Scan', 'MRI uploaded for patient 52', '2025-01-31 16:13:45'),
(193, 'PAT-2026-762A1E', 'Prescription', 'prescriptions/3.jpg', '3.jpg', 'Prescription Image', 'Prescription uploaded for patient 52', '2025-01-19 16:13:45'),
(194, 'PAT-2026-762A1E', 'Prescription', 'prescriptions/2.jpg', '2.jpg', 'Prescription Image', 'Prescription uploaded for patient 52', '2025-07-04 16:13:45'),
(195, 'PAT-2026-C704A8', 'Report', 'reports/37.jpg', '37.jpg', 'Medical Report', 'Report uploaded for patient 53', '2025-01-25 16:13:45'),
(196, 'PAT-2026-C704A8', 'Prescription', 'prescriptions/9.jpg', '9.jpg', 'Prescription Image', 'Prescription uploaded for patient 53', '2025-02-16 16:13:45'),
(197, 'PAT-2026-7A2BAD', 'Report', 'reports/14.jpg', '14.jpg', 'Medical Report', 'Report uploaded for patient 54', '2025-05-25 16:13:45'),
(198, 'PAT-2026-7A2BAD', 'MRI', 'mri/11.jpg', '11.jpg', 'MRI Scan', 'MRI uploaded for patient 54', '2025-06-16 16:13:45'),
(199, 'PAT-2026-E1F753', 'Report', 'reports/9.jpg', '9.jpg', 'Medical Report', 'Report uploaded for patient 55', '2025-05-16 16:13:45'),
(200, 'PAT-2026-E1F753', 'Report', 'reports/42.jpg', '42.jpg', 'Medical Report', 'Report uploaded for patient 55', '2025-12-16 16:13:45'),
(201, 'PAT-2026-E1F753', 'Report', 'reports/21.jpg', '21.jpg', 'Medical Report', 'Report uploaded for patient 55', '2025-09-10 16:13:45'),
(202, 'PAT-2026-E1F753', 'MRI', 'mri/3.jpg', '3.jpg', 'MRI Scan', 'MRI uploaded for patient 55', '2025-12-08 16:13:45'),
(203, 'PAT-2026-6B39AE', 'Prescription', 'prescriptions/48.jpg', '48.jpg', 'Prescription Image', 'Prescription uploaded for patient 56', '2025-10-20 16:13:45'),
(204, 'PAT-2026-6B39AE', 'Report', 'reports/17.jpg', '17.jpg', 'Medical Report', 'Report uploaded for patient 56', '2025-08-17 16:13:45'),
(205, 'PAT-2026-6B39AE', 'Report', 'reports/23.jpg', '23.jpg', 'Medical Report', 'Report uploaded for patient 56', '2025-12-25 16:13:45'),
(206, 'PAT-2026-2E0D2A', 'Prescription', 'prescriptions/45.jpg', '45.jpg', 'Prescription Image', 'Prescription uploaded for patient 57', '2025-06-22 16:13:45'),
(207, 'PAT-2026-2E0D2A', 'MRI', 'mri/18.jpg', '18.jpg', 'MRI Scan', 'MRI uploaded for patient 57', '2025-06-05 16:13:45'),
(208, 'PAT-2026-2E0D2A', 'Report', 'reports/25.jpg', '25.jpg', 'Medical Report', 'Report uploaded for patient 57', '2025-03-20 16:13:45'),
(209, 'PAT-2026-205908', 'Prescription', 'prescriptions/18.jpg', '18.jpg', 'Prescription Image', 'Prescription uploaded for patient 58', '2025-03-10 16:13:45'),
(210, 'PAT-2026-205908', 'MRI', 'mri/50.jpg', '50.jpg', 'MRI Scan', 'MRI uploaded for patient 58', '2025-08-06 16:13:45'),
(211, 'PAT-2026-205908', 'Prescription', 'prescriptions/28.jpg', '28.jpg', 'Prescription Image', 'Prescription uploaded for patient 58', '2025-10-10 16:13:45'),
(212, 'PAT-2026-205908', 'Prescription', 'prescriptions/15.jpg', '15.jpg', 'Prescription Image', 'Prescription uploaded for patient 58', '2025-01-14 16:13:45'),
(213, 'PAT-2026-205908', 'Report', 'reports/30.jpg', '30.jpg', 'Medical Report', 'Report uploaded for patient 58', '2025-03-09 16:13:45'),
(214, 'PAT-2026-037555', 'Report', 'reports/6.jpg', '6.jpg', 'Medical Report', 'Report uploaded for patient 59', '2026-01-03 16:13:45'),
(215, 'PAT-2026-037555', 'MRI', 'mri/2.jpg', '2.jpg', 'MRI Scan', 'MRI uploaded for patient 59', '2025-04-19 16:13:45'),
(216, 'PAT-2026-037555', 'MRI', 'mri/30.jpg', '30.jpg', 'MRI Scan', 'MRI uploaded for patient 59', '2025-12-31 16:13:45'),
(217, 'PAT-2026-037555', 'Report', 'reports/26.jpg', '26.jpg', 'Medical Report', 'Report uploaded for patient 59', '2025-09-18 16:13:45'),
(218, 'PAT-2026-171102', 'MRI', 'mri/42.jpg', '42.jpg', 'MRI Scan', 'MRI uploaded for patient 60', '2025-08-22 16:13:45'),
(219, 'PAT-2026-171102', 'MRI', 'mri/37.jpg', '37.jpg', 'MRI Scan', 'MRI uploaded for patient 60', '2025-11-29 16:13:45'),
(220, 'PAT-2026-171102', 'MRI', 'mri/27.jpg', '27.jpg', 'MRI Scan', 'MRI uploaded for patient 60', '2025-03-12 16:13:45'),
(221, 'PAT-2026-171102', 'Report', 'reports/38.jpg', '38.jpg', 'Medical Report', 'Report uploaded for patient 60', '2025-04-17 16:13:45'),
(222, 'PAT-2026-A22733', 'Prescription', 'prescriptions/18.jpg', '18.jpg', 'Prescription Image', 'Prescription uploaded for patient 61', '2025-08-01 16:13:45'),
(223, 'PAT-2026-A22733', 'Prescription', 'prescriptions/2.jpg', '2.jpg', 'Prescription Image', 'Prescription uploaded for patient 61', '2025-01-28 16:13:45'),
(224, 'PAT-2026-A22733', 'Report', 'reports/11.jpg', '11.jpg', 'Medical Report', 'Report uploaded for patient 61', '2025-03-10 16:13:45'),
(225, 'PAT-2026-A22733', 'Report', 'reports/40.jpg', '40.jpg', 'Medical Report', 'Report uploaded for patient 61', '2025-03-12 16:13:45'),
(226, 'PAT-2026-CDF833', 'Prescription', 'prescriptions/33.jpg', '33.jpg', 'Prescription Image', 'Prescription uploaded for patient 62', '2025-04-06 16:13:45'),
(227, 'PAT-2026-CDF833', 'Prescription', 'prescriptions/41.jpg', '41.jpg', 'Prescription Image', 'Prescription uploaded for patient 62', '2025-01-15 16:13:45'),
(228, 'PAT-2026-CDF833', 'MRI', 'mri/8.jpg', '8.jpg', 'MRI Scan', 'MRI uploaded for patient 62', '2025-12-19 16:13:45'),
(229, 'PAT-2026-E091B9', 'Prescription', 'prescriptions/5.jpg', '5.jpg', 'Prescription Image', 'Prescription uploaded for patient 63', '2025-05-09 16:13:45'),
(230, 'PAT-2026-E091B9', 'Prescription', 'prescriptions/46.jpg', '46.jpg', 'Prescription Image', 'Prescription uploaded for patient 63', '2025-06-07 16:13:45'),
(231, 'PAT-2026-E091B9', 'Prescription', 'prescriptions/32.jpg', '32.jpg', 'Prescription Image', 'Prescription uploaded for patient 63', '2025-11-28 16:13:45'),
(232, 'PAT-2026-5808D4', 'Prescription', 'prescriptions/31.jpg', '31.jpg', 'Prescription Image', 'Prescription uploaded for patient 64', '2025-07-15 16:13:45'),
(233, 'PAT-2026-5808D4', 'Report', 'reports/20.jpg', '20.jpg', 'Medical Report', 'Report uploaded for patient 64', '2025-03-07 16:13:45'),
(234, 'PAT-2026-5808D4', 'Report', 'reports/7.jpg', '7.jpg', 'Medical Report', 'Report uploaded for patient 64', '2025-09-08 16:13:45'),
(235, 'PAT-2026-D7EDA9', 'MRI', 'mri/18.jpg', '18.jpg', 'MRI Scan', 'MRI uploaded for patient 65', '2025-10-13 16:13:45'),
(236, 'PAT-2026-D7EDA9', 'MRI', 'mri/34.jpg', '34.jpg', 'MRI Scan', 'MRI uploaded for patient 65', '2025-08-06 16:13:45'),
(237, 'PAT-2026-D7EDA9', 'Report', 'reports/41.jpg', '41.jpg', 'Medical Report', 'Report uploaded for patient 65', '2025-10-03 16:13:45'),
(238, 'PAT-2026-D7EDA9', 'MRI', 'mri/9.jpg', '9.jpg', 'MRI Scan', 'MRI uploaded for patient 65', '2026-01-06 16:13:45'),
(239, 'PAT-2026-184DB6', 'Prescription', 'prescriptions/12.jpg', '12.jpg', 'Prescription Image', 'Prescription uploaded for patient 66', '2025-01-14 16:13:45'),
(240, 'PAT-2026-184DB6', 'Prescription', 'prescriptions/49.jpg', '49.jpg', 'Prescription Image', 'Prescription uploaded for patient 66', '2025-03-28 16:13:45'),
(241, 'PAT-2026-196BBB', 'Report', 'reports/11.jpg', '11.jpg', 'Medical Report', 'Report uploaded for patient 67', '2025-03-23 16:13:45'),
(242, 'PAT-2026-196BBB', 'MRI', 'mri/10.jpg', '10.jpg', 'MRI Scan', 'MRI uploaded for patient 67', '2025-12-30 16:13:45'),
(243, 'PAT-2026-196BBB', 'Prescription', 'prescriptions/38.jpg', '38.jpg', 'Prescription Image', 'Prescription uploaded for patient 67', '2025-02-05 16:13:45'),
(244, 'PAT-2026-196BBB', 'MRI', 'mri/4.jpg', '4.jpg', 'MRI Scan', 'MRI uploaded for patient 67', '2025-05-15 16:13:45'),
(245, 'PAT-2026-BB586F', 'MRI', 'mri/7.jpg', '7.jpg', 'MRI Scan', 'MRI uploaded for patient 68', '2025-10-23 16:13:45'),
(246, 'PAT-2026-BB586F', 'Report', 'reports/15.jpg', '15.jpg', 'Medical Report', 'Report uploaded for patient 68', '2025-12-06 16:13:45'),
(247, 'PAT-2026-BB586F', 'MRI', 'mri/18.jpg', '18.jpg', 'MRI Scan', 'MRI uploaded for patient 68', '2025-10-23 16:13:45'),
(248, 'PAT-2026-BB586F', 'MRI', 'mri/33.jpg', '33.jpg', 'MRI Scan', 'MRI uploaded for patient 68', '2025-11-11 16:13:45'),
(249, 'PAT-2026-2B2754', 'MRI', 'mri/13.jpg', '13.jpg', 'MRI Scan', 'MRI uploaded for patient 69', '2025-03-31 16:13:45'),
(250, 'PAT-2026-2B2754', 'Prescription', 'prescriptions/47.jpg', '47.jpg', 'Prescription Image', 'Prescription uploaded for patient 69', '2025-11-03 16:13:45'),
(251, 'PAT-2026-2B2754', 'Prescription', 'prescriptions/42.jpg', '42.jpg', 'Prescription Image', 'Prescription uploaded for patient 69', '2025-06-13 16:13:45'),
(252, 'PAT-2026-7E2253', 'Report', 'reports/35.jpg', '35.jpg', 'Medical Report', 'Report uploaded for patient 70', '2025-02-04 16:13:45'),
(253, 'PAT-2026-7E2253', 'Report', 'reports/29.jpg', '29.jpg', 'Medical Report', 'Report uploaded for patient 70', '2025-03-16 16:13:45'),
(254, 'PAT-2026-4DFD27', 'Report', 'reports/16.jpg', '16.jpg', 'Medical Report', 'Report uploaded for patient 71', '2025-08-07 16:13:45'),
(255, 'PAT-2026-4DFD27', 'Prescription', 'prescriptions/7.jpg', '7.jpg', 'Prescription Image', 'Prescription uploaded for patient 71', '2025-11-25 16:13:45'),
(256, 'PAT-2026-3DEF62', 'Report', 'reports/48.jpg', '48.jpg', 'Medical Report', 'Report uploaded for patient 72', '2025-08-03 16:13:45'),
(257, 'PAT-2026-3DEF62', 'Prescription', 'prescriptions/47.jpg', '47.jpg', 'Prescription Image', 'Prescription uploaded for patient 72', '2025-11-10 16:13:45'),
(258, 'PAT-2026-3DEF62', 'Prescription', 'prescriptions/25.jpg', '25.jpg', 'Prescription Image', 'Prescription uploaded for patient 72', '2025-03-08 16:13:45'),
(259, 'PAT-2026-20CA8D', 'MRI', 'mri/31.jpg', '31.jpg', 'MRI Scan', 'MRI uploaded for patient 73', '2025-11-07 16:13:45'),
(260, 'PAT-2026-20CA8D', 'Prescription', 'prescriptions/10.jpg', '10.jpg', 'Prescription Image', 'Prescription uploaded for patient 73', '2025-11-27 16:13:45'),
(261, 'PAT-2026-20CA8D', 'Prescription', 'prescriptions/22.jpg', '22.jpg', 'Prescription Image', 'Prescription uploaded for patient 73', '2025-12-06 16:13:45'),
(262, 'PAT-2026-A7C69B', 'MRI', 'mri/47.jpg', '47.jpg', 'MRI Scan', 'MRI uploaded for patient 74', '2025-10-08 16:13:45'),
(263, 'PAT-2026-A7C69B', 'MRI', 'mri/6.jpg', '6.jpg', 'MRI Scan', 'MRI uploaded for patient 74', '2025-02-16 16:13:45'),
(264, 'PAT-2026-A7C69B', 'Report', 'reports/46.jpg', '46.jpg', 'Medical Report', 'Report uploaded for patient 74', '2025-10-17 16:13:45'),
(265, 'PAT-2026-A7C69B', 'Prescription', 'prescriptions/50.jpg', '50.jpg', 'Prescription Image', 'Prescription uploaded for patient 74', '2025-12-10 16:13:45'),
(266, 'PAT-2026-D40AC0', 'MRI', 'mri/43.jpg', '43.jpg', 'MRI Scan', 'MRI uploaded for patient 75', '2025-02-04 16:13:45'),
(267, 'PAT-2026-D40AC0', 'Prescription', 'prescriptions/44.jpg', '44.jpg', 'Prescription Image', 'Prescription uploaded for patient 75', '2025-08-02 16:13:45'),
(268, 'PAT-2026-D40AC0', 'Prescription', 'prescriptions/38.jpg', '38.jpg', 'Prescription Image', 'Prescription uploaded for patient 75', '2025-02-14 16:13:45'),
(269, 'PAT-2026-D40AC0', 'Prescription', 'prescriptions/31.jpg', '31.jpg', 'Prescription Image', 'Prescription uploaded for patient 75', '2025-11-03 16:13:45'),
(270, 'PAT-2026-D40AC0', 'Report', 'reports/7.jpg', '7.jpg', 'Medical Report', 'Report uploaded for patient 75', '2025-07-18 16:13:45'),
(271, 'PAT-2026-C42A26', 'Report', 'reports/36.jpg', '36.jpg', 'Medical Report', 'Report uploaded for patient 76', '2025-11-06 16:13:45'),
(272, 'PAT-2026-C42A26', 'MRI', 'mri/28.jpg', '28.jpg', 'MRI Scan', 'MRI uploaded for patient 76', '2025-09-11 16:13:45'),
(273, 'PAT-2026-C42A26', 'Report', 'reports/35.jpg', '35.jpg', 'Medical Report', 'Report uploaded for patient 76', '2025-08-14 16:13:45'),
(274, 'PAT-2026-C42A26', 'Report', 'reports/21.jpg', '21.jpg', 'Medical Report', 'Report uploaded for patient 76', '2025-08-26 16:13:45'),
(275, 'PAT-2026-C42A26', 'Report', 'reports/3.jpg', '3.jpg', 'Medical Report', 'Report uploaded for patient 76', '2025-05-08 16:13:45'),
(276, 'PAT-2026-B5AB60', 'Prescription', 'prescriptions/33.jpg', '33.jpg', 'Prescription Image', 'Prescription uploaded for patient 77', '2025-10-31 16:13:45'),
(277, 'PAT-2026-B5AB60', 'Report', 'reports/13.jpg', '13.jpg', 'Medical Report', 'Report uploaded for patient 77', '2025-01-10 16:13:45'),
(278, 'PAT-2026-B5AB60', 'MRI', 'mri/2.jpg', '2.jpg', 'MRI Scan', 'MRI uploaded for patient 77', '2025-02-14 16:13:45'),
(279, 'PAT-2026-B2F959', 'Report', 'reports/9.jpg', '9.jpg', 'Medical Report', 'Report uploaded for patient 78', '2025-04-20 16:13:45'),
(280, 'PAT-2026-B2F959', 'Prescription', 'prescriptions/26.jpg', '26.jpg', 'Prescription Image', 'Prescription uploaded for patient 78', '2025-11-06 16:13:45'),
(281, 'PAT-2026-B2F959', 'Report', 'reports/48.jpg', '48.jpg', 'Medical Report', 'Report uploaded for patient 78', '2025-12-11 16:13:45'),
(282, 'PAT-2026-74B9EE', 'Prescription', 'prescriptions/34.jpg', '34.jpg', 'Prescription Image', 'Prescription uploaded for patient 79', '2025-01-23 16:13:45'),
(283, 'PAT-2026-74B9EE', 'MRI', 'mri/31.jpg', '31.jpg', 'MRI Scan', 'MRI uploaded for patient 79', '2025-06-05 16:13:45'),
(284, 'PAT-2026-F180DA', 'Report', 'reports/20.jpg', '20.jpg', 'Medical Report', 'Report uploaded for patient 80', '2025-05-12 16:13:45'),
(285, 'PAT-2026-F180DA', 'MRI', 'mri/8.jpg', '8.jpg', 'MRI Scan', 'MRI uploaded for patient 80', '2025-03-15 16:13:45'),
(286, 'PAT-2026-31ED09', 'Prescription', 'prescriptions/40.jpg', '40.jpg', 'Prescription Image', 'Prescription uploaded for patient 81', '2025-12-11 16:13:45'),
(287, 'PAT-2026-31ED09', 'MRI', 'mri/42.jpg', '42.jpg', 'MRI Scan', 'MRI uploaded for patient 81', '2025-08-05 16:13:45'),
(288, 'PAT-2026-749C9A', 'MRI', 'mri/50.jpg', '50.jpg', 'MRI Scan', 'MRI uploaded for patient 82', '2025-12-10 16:13:45'),
(289, 'PAT-2026-749C9A', 'Report', 'reports/38.jpg', '38.jpg', 'Medical Report', 'Report uploaded for patient 82', '2025-02-03 16:13:45'),
(290, 'PAT-2026-61D7A1', 'Report', 'reports/11.jpg', '11.jpg', 'Medical Report', 'Report uploaded for patient 83', '2025-11-10 16:13:45'),
(291, 'PAT-2026-61D7A1', 'Prescription', 'prescriptions/40.jpg', '40.jpg', 'Prescription Image', 'Prescription uploaded for patient 83', '2025-04-30 16:13:45'),
(292, 'PAT-2026-61D7A1', 'Prescription', 'prescriptions/6.jpg', '6.jpg', 'Prescription Image', 'Prescription uploaded for patient 83', '2025-08-31 16:13:45'),
(293, 'PAT-2026-61D7A1', 'MRI', 'mri/13.jpg', '13.jpg', 'MRI Scan', 'MRI uploaded for patient 83', '2025-09-04 16:13:45'),
(294, 'PAT-2026-2C70F6', 'MRI', 'mri/50.jpg', '50.jpg', 'MRI Scan', 'MRI uploaded for patient 84', '2025-11-01 16:13:45'),
(295, 'PAT-2026-2C70F6', 'Report', 'reports/20.jpg', '20.jpg', 'Medical Report', 'Report uploaded for patient 84', '2025-06-20 16:13:45'),
(296, 'PAT-2026-2C70F6', 'Report', 'reports/50.jpg', '50.jpg', 'Medical Report', 'Report uploaded for patient 84', '2025-07-07 16:13:45'),
(297, 'PAT-2026-2C70F6', 'Prescription', 'prescriptions/19.jpg', '19.jpg', 'Prescription Image', 'Prescription uploaded for patient 84', '2025-09-18 16:13:45'),
(298, 'PAT-2026-FB9E23', 'Prescription', 'prescriptions/6.jpg', '6.jpg', 'Prescription Image', 'Prescription uploaded for patient 85', '2025-02-13 16:13:45'),
(299, 'PAT-2026-FB9E23', 'Prescription', 'prescriptions/33.jpg', '33.jpg', 'Prescription Image', 'Prescription uploaded for patient 85', '2025-04-06 16:13:45'),
(300, 'PAT-2026-FB9E23', 'MRI', 'mri/19.jpg', '19.jpg', 'MRI Scan', 'MRI uploaded for patient 85', '2025-01-10 16:13:45'),
(301, 'PAT-2026-FB9E23', 'Report', 'reports/10.jpg', '10.jpg', 'Medical Report', 'Report uploaded for patient 85', '2025-11-12 16:13:45'),
(302, 'PAT-2026-FB9E23', 'Report', 'reports/12.jpg', '12.jpg', 'Medical Report', 'Report uploaded for patient 85', '2025-07-22 16:13:45'),
(303, 'PAT-2026-3B07BF', 'Report', 'reports/27.jpg', '27.jpg', 'Medical Report', 'Report uploaded for patient 86', '2025-07-19 16:13:45'),
(304, 'PAT-2026-3B07BF', 'Prescription', 'prescriptions/23.jpg', '23.jpg', 'Prescription Image', 'Prescription uploaded for patient 86', '2025-02-09 16:13:45'),
(305, 'PAT-2026-21AEB6', 'Prescription', 'prescriptions/2.jpg', '2.jpg', 'Prescription Image', 'Prescription uploaded for patient 87', '2025-05-08 16:13:45'),
(306, 'PAT-2026-21AEB6', 'Prescription', 'prescriptions/36.jpg', '36.jpg', 'Prescription Image', 'Prescription uploaded for patient 87', '2026-01-05 16:13:45'),
(307, 'PAT-2026-21AEB6', 'Prescription', 'prescriptions/46.jpg', '46.jpg', 'Prescription Image', 'Prescription uploaded for patient 87', '2025-05-22 16:13:45'),
(308, 'PAT-2026-21AEB6', 'Report', 'reports/34.jpg', '34.jpg', 'Medical Report', 'Report uploaded for patient 87', '2025-08-22 16:13:45'),
(309, 'PAT-2026-21AEB6', 'Report', 'reports/22.jpg', '22.jpg', 'Medical Report', 'Report uploaded for patient 87', '2025-10-31 16:13:45'),
(310, 'PAT-2026-DC4F2E', 'Prescription', 'prescriptions/30.jpg', '30.jpg', 'Prescription Image', 'Prescription uploaded for patient 88', '2025-11-14 16:13:45'),
(311, 'PAT-2026-DC4F2E', 'MRI', 'mri/3.jpg', '3.jpg', 'MRI Scan', 'MRI uploaded for patient 88', '2025-10-30 16:13:45'),
(312, 'PAT-2026-DC4F2E', 'MRI', 'mri/19.jpg', '19.jpg', 'MRI Scan', 'MRI uploaded for patient 88', '2025-07-12 16:13:45'),
(313, 'PAT-2026-DC4F2E', 'MRI', 'mri/42.jpg', '42.jpg', 'MRI Scan', 'MRI uploaded for patient 88', '2025-10-14 16:13:45'),
(314, 'PAT-2026-BDC9E2', 'Prescription', 'prescriptions/19.jpg', '19.jpg', 'Prescription Image', 'Prescription uploaded for patient 89', '2025-01-22 16:13:45'),
(315, 'PAT-2026-BDC9E2', 'MRI', 'mri/50.jpg', '50.jpg', 'MRI Scan', 'MRI uploaded for patient 89', '2025-10-23 16:13:45'),
(316, 'PAT-2026-BDC9E2', 'MRI', 'mri/37.jpg', '37.jpg', 'MRI Scan', 'MRI uploaded for patient 89', '2025-12-27 16:13:45'),
(317, 'PAT-2026-BDC9E2', 'Report', 'reports/37.jpg', '37.jpg', 'Medical Report', 'Report uploaded for patient 89', '2025-02-22 16:13:45'),
(318, 'PAT-2026-BDC9E2', 'Report', 'reports/14.jpg', '14.jpg', 'Medical Report', 'Report uploaded for patient 89', '2025-11-27 16:13:45'),
(319, 'PAT-2026-43F8C4', 'Prescription', 'prescriptions/21.jpg', '21.jpg', 'Prescription Image', 'Prescription uploaded for patient 90', '2025-03-20 16:13:45'),
(320, 'PAT-2026-43F8C4', 'Report', 'reports/49.jpg', '49.jpg', 'Medical Report', 'Report uploaded for patient 90', '2025-12-03 16:13:45'),
(321, 'PAT-2026-F91AB5', 'Report', 'reports/36.jpg', '36.jpg', 'Medical Report', 'Report uploaded for patient 91', '2025-06-20 16:13:45'),
(322, 'PAT-2026-F91AB5', 'Prescription', 'prescriptions/5.jpg', '5.jpg', 'Prescription Image', 'Prescription uploaded for patient 91', '2025-02-09 16:13:45'),
(323, 'PAT-2026-51EE47', 'Report', 'reports/10.jpg', '10.jpg', 'Medical Report', 'Report uploaded for patient 92', '2025-09-12 16:13:45'),
(324, 'PAT-2026-51EE47', 'Prescription', 'prescriptions/43.jpg', '43.jpg', 'Prescription Image', 'Prescription uploaded for patient 92', '2025-11-29 16:13:45'),
(325, 'PAT-2026-51EE47', 'Prescription', 'prescriptions/42.jpg', '42.jpg', 'Prescription Image', 'Prescription uploaded for patient 92', '2025-08-26 16:13:45'),
(326, 'PAT-2026-51EE47', 'Prescription', 'prescriptions/36.jpg', '36.jpg', 'Prescription Image', 'Prescription uploaded for patient 92', '2025-10-19 16:13:45'),
(327, 'PAT-2026-51EE47', 'Report', 'reports/1.jpg', '1.jpg', 'Medical Report', 'Report uploaded for patient 92', '2025-07-31 16:13:45'),
(328, 'PAT-2026-BE879A', 'Prescription', 'prescriptions/31.jpg', '31.jpg', 'Prescription Image', 'Prescription uploaded for patient 93', '2025-02-18 16:13:45'),
(329, 'PAT-2026-BE879A', 'Report', 'reports/17.jpg', '17.jpg', 'Medical Report', 'Report uploaded for patient 93', '2025-06-24 16:13:45'),
(330, 'PAT-2026-531E65', 'Prescription', 'prescriptions/14.jpg', '14.jpg', 'Prescription Image', 'Prescription uploaded for patient 94', '2025-10-24 16:13:45'),
(331, 'PAT-2026-531E65', 'Prescription', 'prescriptions/50.jpg', '50.jpg', 'Prescription Image', 'Prescription uploaded for patient 94', '2025-07-05 16:13:45'),
(332, 'PAT-2026-EC1F1F', 'Report', 'reports/19.jpg', '19.jpg', 'Medical Report', 'Report uploaded for patient 95', '2025-07-29 16:13:45'),
(333, 'PAT-2026-EC1F1F', 'Prescription', 'prescriptions/26.jpg', '26.jpg', 'Prescription Image', 'Prescription uploaded for patient 95', '2025-08-30 16:13:45'),
(334, 'PAT-2026-AC87F8', 'MRI', 'mri/12.jpg', '12.jpg', 'MRI Scan', 'MRI uploaded for patient 96', '2025-02-16 16:13:45'),
(335, 'PAT-2026-AC87F8', 'MRI', 'mri/48.jpg', '48.jpg', 'MRI Scan', 'MRI uploaded for patient 96', '2025-04-28 16:13:45'),
(336, 'PAT-2026-AC87F8', 'Report', 'reports/47.jpg', '47.jpg', 'Medical Report', 'Report uploaded for patient 96', '2025-07-13 16:13:45'),
(337, 'PAT-2026-AC87F8', 'Prescription', 'prescriptions/48.jpg', '48.jpg', 'Prescription Image', 'Prescription uploaded for patient 96', '2025-07-12 16:13:45'),
(338, 'PAT-2026-14A810', 'Report', 'reports/4.jpg', '4.jpg', 'Medical Report', 'Report uploaded for patient 97', '2025-11-10 16:13:45'),
(339, 'PAT-2026-14A810', 'Prescription', 'prescriptions/6.jpg', '6.jpg', 'Prescription Image', 'Prescription uploaded for patient 97', '2025-11-21 16:13:45'),
(340, 'PAT-2026-14A810', 'Prescription', 'prescriptions/35.jpg', '35.jpg', 'Prescription Image', 'Prescription uploaded for patient 97', '2025-07-22 16:13:45'),
(341, 'PAT-2026-DB2CD0', 'MRI', 'mri/46.jpg', '46.jpg', 'MRI Scan', 'MRI uploaded for patient 98', '2025-09-01 16:13:45'),
(342, 'PAT-2026-DB2CD0', 'MRI', 'mri/39.jpg', '39.jpg', 'MRI Scan', 'MRI uploaded for patient 98', '2025-07-05 16:13:45'),
(343, 'PAT-2026-E3426F', 'Prescription', 'prescriptions/34.jpg', '34.jpg', 'Prescription Image', 'Prescription uploaded for patient 99', '2026-01-07 16:13:45'),
(344, 'PAT-2026-E3426F', 'Report', 'reports/10.jpg', '10.jpg', 'Medical Report', 'Report uploaded for patient 99', '2025-03-23 16:13:45'),
(345, 'PAT-2026-E3426F', 'MRI', 'mri/1.jpg', '1.jpg', 'MRI Scan', 'MRI uploaded for patient 99', '2025-12-28 16:13:45'),
(346, 'PAT-2026-817BB5', 'MRI', 'mri/36.jpg', '36.jpg', 'MRI Scan', 'MRI uploaded for patient 100', '2025-06-06 16:13:45'),
(347, 'PAT-2026-817BB5', 'Report', 'reports/28.jpg', '28.jpg', 'Medical Report', 'Report uploaded for patient 100', '2025-08-19 16:13:45'),
(348, 'PAT-2026-611B9D', 'Report', 'reports/47.jpg', '47.jpg', 'Medical Report', 'Report uploaded for patient 101', '2025-09-29 16:13:45'),
(349, 'PAT-2026-611B9D', 'Report', 'reports/1.jpg', '1.jpg', 'Medical Report', 'Report uploaded for patient 101', '2025-10-29 16:13:45'),
(350, 'PAT-2026-7184DA', 'MRI', 'mri/19.jpg', '19.jpg', 'MRI Scan', 'MRI uploaded for patient 102', '2025-08-16 16:13:45'),
(351, 'PAT-2026-7184DA', 'MRI', 'mri/18.jpg', '18.jpg', 'MRI Scan', 'MRI uploaded for patient 102', '2025-05-23 16:13:45'),
(352, 'PAT-2026-7184DA', 'MRI', 'mri/37.jpg', '37.jpg', 'MRI Scan', 'MRI uploaded for patient 102', '2025-03-29 16:13:45'),
(353, 'PAT-2026-A2A658', 'Prescription', 'prescriptions/12.jpg', '12.jpg', 'Prescription Image', 'Prescription uploaded for patient 103', '2025-04-21 16:13:45'),
(354, 'PAT-2026-A2A658', 'Prescription', 'prescriptions/47.jpg', '47.jpg', 'Prescription Image', 'Prescription uploaded for patient 103', '2025-09-29 16:13:45'),
(355, 'PAT-2026-E4A2EA', 'Report', 'reports/33.jpg', '33.jpg', 'Medical Report', 'Report uploaded for patient 104', '2025-08-24 16:13:45'),
(356, 'PAT-2026-E4A2EA', 'Prescription', 'prescriptions/33.jpg', '33.jpg', 'Prescription Image', 'Prescription uploaded for patient 104', '2025-02-07 16:13:45'),
(357, 'PAT-2026-E4A2EA', 'Report', 'reports/28.jpg', '28.jpg', 'Medical Report', 'Report uploaded for patient 104', '2025-11-20 16:13:45'),
(358, 'PAT-2026-E4A2EA', 'Report', 'reports/3.jpg', '3.jpg', 'Medical Report', 'Report uploaded for patient 104', '2025-03-16 16:13:45');
INSERT INTO `patient_images` (`image_id`, `patient_id`, `image_type`, `file_path`, `original_file_name`, `modality`, `description`, `taken_at`) VALUES
(359, 'PAT-2026-E4A2EA', 'MRI', 'mri/27.jpg', '27.jpg', 'MRI Scan', 'MRI uploaded for patient 104', '2025-05-24 16:13:45'),
(360, 'PAT-2026-BDACB8', 'Prescription', 'prescriptions/50.jpg', '50.jpg', 'Prescription Image', 'Prescription uploaded for patient 105', '2025-05-01 16:13:45'),
(361, 'PAT-2026-BDACB8', 'Report', 'reports/17.jpg', '17.jpg', 'Medical Report', 'Report uploaded for patient 105', '2025-12-26 16:13:45'),
(362, 'PAT-2026-5CBF44', 'Report', 'reports/49.jpg', '49.jpg', 'Medical Report', 'Report uploaded for patient 106', '2025-08-06 16:13:45'),
(363, 'PAT-2026-5CBF44', 'MRI', 'mri/16.jpg', '16.jpg', 'MRI Scan', 'MRI uploaded for patient 106', '2025-12-26 16:13:45'),
(364, 'PAT-2026-574845', 'Prescription', 'prescriptions/31.jpg', '31.jpg', 'Prescription Image', 'Prescription uploaded for patient 107', '2025-12-12 16:13:45'),
(365, 'PAT-2026-574845', 'Prescription', 'prescriptions/36.jpg', '36.jpg', 'Prescription Image', 'Prescription uploaded for patient 107', '2025-08-22 16:13:45'),
(366, 'PAT-2026-574845', 'Prescription', 'prescriptions/46.jpg', '46.jpg', 'Prescription Image', 'Prescription uploaded for patient 107', '2025-11-01 16:13:45'),
(367, 'PAT-2026-4DB247', 'MRI', 'mri/20.jpg', '20.jpg', 'MRI Scan', 'MRI uploaded for patient 108', '2025-05-13 16:13:45'),
(368, 'PAT-2026-4DB247', 'Prescription', 'prescriptions/44.jpg', '44.jpg', 'Prescription Image', 'Prescription uploaded for patient 108', '2025-09-30 16:13:45'),
(369, 'PAT-2026-4DB247', 'Report', 'reports/11.jpg', '11.jpg', 'Medical Report', 'Report uploaded for patient 108', '2025-10-06 16:13:45'),
(370, 'PAT-2026-20A16D', 'Prescription', 'prescriptions/21.jpg', '21.jpg', 'Prescription Image', 'Prescription uploaded for patient 109', '2025-01-25 16:13:45'),
(371, 'PAT-2026-20A16D', 'Prescription', 'prescriptions/43.jpg', '43.jpg', 'Prescription Image', 'Prescription uploaded for patient 109', '2025-12-13 16:13:45'),
(372, 'PAT-2026-0F5847', 'Report', 'reports/36.jpg', '36.jpg', 'Medical Report', 'Report uploaded for patient 110', '2025-10-09 16:13:45'),
(373, 'PAT-2026-0F5847', 'Prescription', 'prescriptions/36.jpg', '36.jpg', 'Prescription Image', 'Prescription uploaded for patient 110', '2025-02-06 16:13:45'),
(374, 'PAT-2026-0F5847', 'MRI', 'mri/49.jpg', '49.jpg', 'MRI Scan', 'MRI uploaded for patient 110', '2025-09-12 16:13:45'),
(375, 'PAT-2026-0F5847', 'Report', 'reports/3.jpg', '3.jpg', 'Medical Report', 'Report uploaded for patient 110', '2025-06-27 16:13:45'),
(376, 'PAT-2026-0F5847', 'Report', 'reports/24.jpg', '24.jpg', 'Medical Report', 'Report uploaded for patient 110', '2025-08-18 16:13:45'),
(377, 'PAT-2026-89D40C', 'MRI', 'mri/22.jpg', '22.jpg', 'MRI Scan', 'MRI uploaded for patient 111', '2025-05-06 16:13:45'),
(378, 'PAT-2026-89D40C', 'Prescription', 'prescriptions/37.jpg', '37.jpg', 'Prescription Image', 'Prescription uploaded for patient 111', '2025-07-01 16:13:45'),
(379, 'PAT-2026-98338F', 'Prescription', 'prescriptions/28.jpg', '28.jpg', 'Prescription Image', 'Prescription uploaded for patient 112', '2025-04-19 16:13:45'),
(380, 'PAT-2026-98338F', 'Report', 'reports/31.jpg', '31.jpg', 'Medical Report', 'Report uploaded for patient 112', '2025-09-22 16:13:45'),
(381, 'PAT-2026-98338F', 'MRI', 'mri/21.jpg', '21.jpg', 'MRI Scan', 'MRI uploaded for patient 112', '2025-04-01 16:13:45'),
(382, 'PAT-2026-131179', 'MRI', 'mri/36.jpg', '36.jpg', 'MRI Scan', 'MRI uploaded for patient 113', '2025-06-08 16:13:45'),
(383, 'PAT-2026-131179', 'MRI', 'mri/14.jpg', '14.jpg', 'MRI Scan', 'MRI uploaded for patient 113', '2025-06-11 16:13:45'),
(384, 'PAT-2026-131179', 'MRI', 'mri/32.jpg', '32.jpg', 'MRI Scan', 'MRI uploaded for patient 113', '2025-10-11 16:13:45'),
(385, 'PAT-2026-E632CB', 'Report', 'reports/10.jpg', '10.jpg', 'Medical Report', 'Report uploaded for patient 114', '2025-01-21 16:13:45'),
(386, 'PAT-2026-E632CB', 'MRI', 'mri/35.jpg', '35.jpg', 'MRI Scan', 'MRI uploaded for patient 114', '2025-02-20 16:13:45'),
(387, 'PAT-2026-7FC506', 'Prescription', 'prescriptions/48.jpg', '48.jpg', 'Prescription Image', 'Prescription uploaded for patient 115', '2025-08-08 16:13:45'),
(388, 'PAT-2026-7FC506', 'Report', 'reports/3.jpg', '3.jpg', 'Medical Report', 'Report uploaded for patient 115', '2025-10-13 16:13:45'),
(389, 'PAT-2026-7FC506', 'Prescription', 'prescriptions/37.jpg', '37.jpg', 'Prescription Image', 'Prescription uploaded for patient 115', '2025-09-03 16:13:45'),
(390, 'PAT-2026-9E1DF1', 'Report', 'reports/25.jpg', '25.jpg', 'Medical Report', 'Report uploaded for patient 116', '2025-07-20 16:13:45'),
(391, 'PAT-2026-9E1DF1', 'Report', 'reports/41.jpg', '41.jpg', 'Medical Report', 'Report uploaded for patient 116', '2025-01-11 16:13:45'),
(392, 'PAT-2026-9E1DF1', 'Report', 'reports/42.jpg', '42.jpg', 'Medical Report', 'Report uploaded for patient 116', '2025-04-11 16:13:45'),
(393, 'PAT-2026-9E1DF1', 'Report', 'reports/10.jpg', '10.jpg', 'Medical Report', 'Report uploaded for patient 116', '2025-12-25 16:13:45'),
(394, 'PAT-2026-9E1DF1', 'Report', 'reports/12.jpg', '12.jpg', 'Medical Report', 'Report uploaded for patient 116', '2025-06-17 16:13:45'),
(395, 'PAT-2026-DB3DE9', 'MRI', 'mri/10.jpg', '10.jpg', 'MRI Scan', 'MRI uploaded for patient 117', '2025-11-25 16:13:45'),
(396, 'PAT-2026-DB3DE9', 'MRI', 'mri/44.jpg', '44.jpg', 'MRI Scan', 'MRI uploaded for patient 117', '2025-04-12 16:13:45'),
(397, 'PAT-2026-DB3DE9', 'MRI', 'mri/10.jpg', '10.jpg', 'MRI Scan', 'MRI uploaded for patient 117', '2025-07-06 16:13:45'),
(398, 'PAT-2026-DB3DE9', 'Report', 'reports/4.jpg', '4.jpg', 'Medical Report', 'Report uploaded for patient 117', '2025-01-11 16:13:45'),
(399, 'PAT-2026-DB3DE9', 'Report', 'reports/14.jpg', '14.jpg', 'Medical Report', 'Report uploaded for patient 117', '2025-05-02 16:13:45'),
(400, 'PAT-2026-D14A54', 'Prescription', 'prescriptions/46.jpg', '46.jpg', 'Prescription Image', 'Prescription uploaded for patient 118', '2025-10-20 16:13:45'),
(401, 'PAT-2026-D14A54', 'Report', 'reports/43.jpg', '43.jpg', 'Medical Report', 'Report uploaded for patient 118', '2025-07-19 16:13:45'),
(402, 'PAT-2026-D14A54', 'Prescription', 'prescriptions/46.jpg', '46.jpg', 'Prescription Image', 'Prescription uploaded for patient 118', '2025-04-24 16:13:45'),
(403, 'PAT-2026-D03F9C', 'Report', 'reports/36.jpg', '36.jpg', 'Medical Report', 'Report uploaded for patient 119', '2025-11-24 16:13:45'),
(404, 'PAT-2026-D03F9C', 'Report', 'reports/26.jpg', '26.jpg', 'Medical Report', 'Report uploaded for patient 119', '2025-07-24 16:13:45'),
(405, 'PAT-2026-FAA3B7', 'Prescription', 'prescriptions/42.jpg', '42.jpg', 'Prescription Image', 'Prescription uploaded for patient 120', '2025-12-02 16:13:45'),
(406, 'PAT-2026-FAA3B7', 'Report', 'reports/1.jpg', '1.jpg', 'Medical Report', 'Report uploaded for patient 120', '2025-11-30 16:13:45'),
(407, 'PAT-2026-FAA3B7', 'Prescription', 'prescriptions/25.jpg', '25.jpg', 'Prescription Image', 'Prescription uploaded for patient 120', '2025-04-26 16:13:45'),
(408, 'PAT-2026-FAA3B7', 'MRI', 'mri/10.jpg', '10.jpg', 'MRI Scan', 'MRI uploaded for patient 120', '2025-12-16 16:13:45'),
(409, 'PAT-2026-18C00E', 'Report', 'reports/30.jpg', '30.jpg', 'Medical Report', 'Report uploaded for patient 121', '2025-04-12 16:13:45'),
(410, 'PAT-2026-18C00E', 'Prescription', 'prescriptions/50.jpg', '50.jpg', 'Prescription Image', 'Prescription uploaded for patient 121', '2025-03-20 16:13:45'),
(411, 'PAT-2026-18C00E', 'Prescription', 'prescriptions/1.jpg', '1.jpg', 'Prescription Image', 'Prescription uploaded for patient 121', '2025-05-06 16:13:45'),
(412, 'PAT-2026-18C00E', 'Prescription', 'prescriptions/11.jpg', '11.jpg', 'Prescription Image', 'Prescription uploaded for patient 121', '2025-05-29 16:13:45'),
(413, 'PAT-2026-18C00E', 'MRI', 'mri/23.jpg', '23.jpg', 'MRI Scan', 'MRI uploaded for patient 121', '2025-09-18 16:13:45'),
(414, 'PAT-2026-599932', 'MRI', 'mri/11.jpg', '11.jpg', 'MRI Scan', 'MRI uploaded for patient 122', '2025-03-14 16:13:45'),
(415, 'PAT-2026-599932', 'Report', 'reports/13.jpg', '13.jpg', 'Medical Report', 'Report uploaded for patient 122', '2025-11-19 16:13:45'),
(416, 'PAT-2026-99084F', 'Prescription', 'prescriptions/38.jpg', '38.jpg', 'Prescription Image', 'Prescription uploaded for patient 123', '2025-08-29 16:13:45'),
(417, 'PAT-2026-99084F', 'Prescription', 'prescriptions/17.jpg', '17.jpg', 'Prescription Image', 'Prescription uploaded for patient 123', '2025-02-10 16:13:45'),
(418, 'PAT-2026-E0307E', 'Report', 'reports/47.jpg', '47.jpg', 'Medical Report', 'Report uploaded for patient 124', '2025-10-30 16:13:45'),
(419, 'PAT-2026-E0307E', 'MRI', 'mri/13.jpg', '13.jpg', 'MRI Scan', 'MRI uploaded for patient 124', '2025-07-24 16:13:45'),
(420, 'PAT-2026-08E61E', 'Prescription', 'prescriptions/48.jpg', '48.jpg', 'Prescription Image', 'Prescription uploaded for patient 125', '2025-12-04 16:13:45'),
(421, 'PAT-2026-08E61E', 'MRI', 'mri/26.jpg', '26.jpg', 'MRI Scan', 'MRI uploaded for patient 125', '2025-07-29 16:13:45'),
(422, 'PAT-2026-08E61E', 'Report', 'reports/41.jpg', '41.jpg', 'Medical Report', 'Report uploaded for patient 125', '2025-06-08 16:13:45'),
(423, 'PAT-2026-08E61E', 'Report', 'reports/18.jpg', '18.jpg', 'Medical Report', 'Report uploaded for patient 125', '2025-10-14 16:13:45'),
(424, 'PAT-2026-40428D', 'Report', 'reports/37.jpg', '37.jpg', 'Medical Report', 'Report uploaded for patient 126', '2025-01-21 16:13:45'),
(425, 'PAT-2026-40428D', 'MRI', 'mri/15.jpg', '15.jpg', 'MRI Scan', 'MRI uploaded for patient 126', '2025-06-15 16:13:45'),
(426, 'PAT-2026-40428D', 'Prescription', 'prescriptions/23.jpg', '23.jpg', 'Prescription Image', 'Prescription uploaded for patient 126', '2025-01-18 16:13:45'),
(427, 'PAT-2026-243C6B', 'MRI', 'mri/38.jpg', '38.jpg', 'MRI Scan', 'MRI uploaded for patient 127', '2025-03-02 16:13:45'),
(428, 'PAT-2026-243C6B', 'MRI', 'mri/14.jpg', '14.jpg', 'MRI Scan', 'MRI uploaded for patient 127', '2025-11-30 16:13:45'),
(429, 'PAT-2026-243C6B', 'MRI', 'mri/1.jpg', '1.jpg', 'MRI Scan', 'MRI uploaded for patient 127', '2025-04-18 16:13:45'),
(430, 'PAT-2026-243C6B', 'MRI', 'mri/38.jpg', '38.jpg', 'MRI Scan', 'MRI uploaded for patient 127', '2025-09-05 16:13:45'),
(431, 'PAT-2026-243C6B', 'MRI', 'mri/18.jpg', '18.jpg', 'MRI Scan', 'MRI uploaded for patient 127', '2025-10-14 16:13:45'),
(432, 'PAT-2026-2BA2E3', 'MRI', 'mri/23.jpg', '23.jpg', 'MRI Scan', 'MRI uploaded for patient 128', '2025-09-03 16:13:45'),
(433, 'PAT-2026-2BA2E3', 'Prescription', 'prescriptions/9.jpg', '9.jpg', 'Prescription Image', 'Prescription uploaded for patient 128', '2025-02-19 16:13:45'),
(434, 'PAT-2026-2BA2E3', 'MRI', 'mri/26.jpg', '26.jpg', 'MRI Scan', 'MRI uploaded for patient 128', '2025-03-12 16:13:45'),
(435, 'PAT-2026-2BA2E3', 'Prescription', 'prescriptions/23.jpg', '23.jpg', 'Prescription Image', 'Prescription uploaded for patient 128', '2025-02-12 16:13:45'),
(436, 'PAT-2026-2BA2E3', 'MRI', 'mri/31.jpg', '31.jpg', 'MRI Scan', 'MRI uploaded for patient 128', '2025-05-15 16:13:45'),
(437, 'PAT-2026-96D509', 'Prescription', 'prescriptions/27.jpg', '27.jpg', 'Prescription Image', 'Prescription uploaded for patient 129', '2025-08-17 16:13:45'),
(438, 'PAT-2026-96D509', 'Report', 'reports/26.jpg', '26.jpg', 'Medical Report', 'Report uploaded for patient 129', '2025-01-16 16:13:45'),
(439, 'PAT-2026-96D509', 'Prescription', 'prescriptions/26.jpg', '26.jpg', 'Prescription Image', 'Prescription uploaded for patient 129', '2025-03-04 16:13:45'),
(440, 'PAT-2026-D962EE', 'Report', 'reports/36.jpg', '36.jpg', 'Medical Report', 'Report uploaded for patient 130', '2025-08-21 16:13:45'),
(441, 'PAT-2026-D962EE', 'Report', 'reports/17.jpg', '17.jpg', 'Medical Report', 'Report uploaded for patient 130', '2025-04-20 16:13:45'),
(442, 'PAT-2026-D962EE', 'Report', 'reports/35.jpg', '35.jpg', 'Medical Report', 'Report uploaded for patient 130', '2025-04-07 16:13:45'),
(443, 'PAT-2026-7B989A', 'Report', 'reports/33.jpg', '33.jpg', 'Medical Report', 'Report uploaded for patient 131', '2025-04-03 16:13:45'),
(444, 'PAT-2026-7B989A', 'MRI', 'mri/18.jpg', '18.jpg', 'MRI Scan', 'MRI uploaded for patient 131', '2025-08-08 16:13:45'),
(445, 'PAT-2026-7B989A', 'Report', 'reports/22.jpg', '22.jpg', 'Medical Report', 'Report uploaded for patient 131', '2025-03-13 16:13:45'),
(446, 'PAT-2026-7B989A', 'Prescription', 'prescriptions/11.jpg', '11.jpg', 'Prescription Image', 'Prescription uploaded for patient 131', '2025-10-01 16:13:45'),
(447, 'PAT-2026-756790', 'MRI', 'mri/31.jpg', '31.jpg', 'MRI Scan', 'MRI uploaded for patient 132', '2025-05-29 16:13:45'),
(448, 'PAT-2026-756790', 'MRI', 'mri/25.jpg', '25.jpg', 'MRI Scan', 'MRI uploaded for patient 132', '2025-05-24 16:13:45'),
(449, 'PAT-2026-96405F', 'Report', 'reports/1.jpg', '1.jpg', 'Medical Report', 'Report uploaded for patient 133', '2025-04-10 16:13:45'),
(450, 'PAT-2026-96405F', 'Report', 'reports/31.jpg', '31.jpg', 'Medical Report', 'Report uploaded for patient 133', '2025-07-02 16:13:45'),
(451, 'PAT-2026-96405F', 'MRI', 'mri/24.jpg', '24.jpg', 'MRI Scan', 'MRI uploaded for patient 133', '2025-10-16 16:13:45'),
(452, 'PAT-2026-7724F2', 'Report', 'reports/12.jpg', '12.jpg', 'Medical Report', 'Report uploaded for patient 134', '2025-07-04 16:13:45'),
(453, 'PAT-2026-7724F2', 'MRI', 'mri/39.jpg', '39.jpg', 'MRI Scan', 'MRI uploaded for patient 134', '2025-09-15 16:13:45'),
(454, 'PAT-2026-1B048B', 'Report', 'reports/23.jpg', '23.jpg', 'Medical Report', 'Report uploaded for patient 135', '2025-10-27 16:13:45'),
(455, 'PAT-2026-1B048B', 'Prescription', 'prescriptions/18.jpg', '18.jpg', 'Prescription Image', 'Prescription uploaded for patient 135', '2026-01-07 16:13:45'),
(456, 'PAT-2026-1B048B', 'Report', 'reports/9.jpg', '9.jpg', 'Medical Report', 'Report uploaded for patient 135', '2025-08-13 16:13:45'),
(457, 'PAT-2026-1B048B', 'Report', 'reports/4.jpg', '4.jpg', 'Medical Report', 'Report uploaded for patient 135', '2025-06-16 16:13:45'),
(458, 'PAT-2026-1B048B', 'Report', 'reports/38.jpg', '38.jpg', 'Medical Report', 'Report uploaded for patient 135', '2025-12-12 16:13:45'),
(459, 'PAT-2026-26B64E', 'MRI', 'mri/45.jpg', '45.jpg', 'MRI Scan', 'MRI uploaded for patient 136', '2025-03-12 16:13:45'),
(460, 'PAT-2026-26B64E', 'MRI', 'mri/17.jpg', '17.jpg', 'MRI Scan', 'MRI uploaded for patient 136', '2025-05-08 16:13:45'),
(461, 'PAT-2026-FCDE90', 'MRI', 'mri/11.jpg', '11.jpg', 'MRI Scan', 'MRI uploaded for patient 137', '2025-02-27 16:13:45'),
(462, 'PAT-2026-FCDE90', 'Report', 'reports/11.jpg', '11.jpg', 'Medical Report', 'Report uploaded for patient 137', '2025-12-05 16:13:45'),
(463, 'PAT-2026-FCDE90', 'Report', 'reports/44.jpg', '44.jpg', 'Medical Report', 'Report uploaded for patient 137', '2025-08-30 16:13:45'),
(464, 'PAT-2026-FCDE90', 'MRI', 'mri/23.jpg', '23.jpg', 'MRI Scan', 'MRI uploaded for patient 137', '2025-08-03 16:13:45'),
(465, 'PAT-2026-FCDE90', 'MRI', 'mri/38.jpg', '38.jpg', 'MRI Scan', 'MRI uploaded for patient 137', '2025-07-31 16:13:45'),
(466, 'PAT-2026-A2DA52', 'Report', 'reports/9.jpg', '9.jpg', 'Medical Report', 'Report uploaded for patient 138', '2025-10-13 16:13:45'),
(467, 'PAT-2026-A2DA52', 'Prescription', 'prescriptions/18.jpg', '18.jpg', 'Prescription Image', 'Prescription uploaded for patient 138', '2025-02-26 16:13:45'),
(468, 'PAT-2026-5F520D', 'Prescription', 'prescriptions/22.jpg', '22.jpg', 'Prescription Image', 'Prescription uploaded for patient 139', '2025-08-16 16:13:45'),
(469, 'PAT-2026-5F520D', 'Prescription', 'prescriptions/15.jpg', '15.jpg', 'Prescription Image', 'Prescription uploaded for patient 139', '2025-05-05 16:13:45'),
(470, 'PAT-2026-5F520D', 'MRI', 'mri/13.jpg', '13.jpg', 'MRI Scan', 'MRI uploaded for patient 139', '2025-09-17 16:13:45'),
(471, 'PAT-2026-97A3F4', 'Prescription', 'prescriptions/44.jpg', '44.jpg', 'Prescription Image', 'Prescription uploaded for patient 140', '2025-01-19 16:13:45'),
(472, 'PAT-2026-97A3F4', 'MRI', 'mri/44.jpg', '44.jpg', 'MRI Scan', 'MRI uploaded for patient 140', '2025-09-01 16:13:45'),
(473, 'PAT-2026-97A3F4', 'Prescription', 'prescriptions/14.jpg', '14.jpg', 'Prescription Image', 'Prescription uploaded for patient 140', '2025-09-10 16:13:45'),
(474, 'PAT-2026-97A3F4', 'MRI', 'mri/7.jpg', '7.jpg', 'MRI Scan', 'MRI uploaded for patient 140', '2025-04-12 16:13:45'),
(475, 'PAT-2026-97A3F4', 'Report', 'reports/26.jpg', '26.jpg', 'Medical Report', 'Report uploaded for patient 140', '2025-04-09 16:13:45'),
(476, 'PAT-2026-5F8EE7', 'MRI', 'mri/9.jpg', '9.jpg', 'MRI Scan', 'MRI uploaded for patient 141', '2025-06-23 16:13:45'),
(477, 'PAT-2026-5F8EE7', 'MRI', 'mri/11.jpg', '11.jpg', 'MRI Scan', 'MRI uploaded for patient 141', '2025-02-13 16:13:45'),
(478, 'PAT-2026-447BCE', 'Prescription', 'prescriptions/35.jpg', '35.jpg', 'Prescription Image', 'Prescription uploaded for patient 142', '2025-10-22 16:13:45'),
(479, 'PAT-2026-447BCE', 'Report', 'reports/1.jpg', '1.jpg', 'Medical Report', 'Report uploaded for patient 142', '2025-09-16 16:13:45'),
(480, 'PAT-2026-447BCE', 'MRI', 'mri/2.jpg', '2.jpg', 'MRI Scan', 'MRI uploaded for patient 142', '2025-01-27 16:13:45'),
(481, 'PAT-2026-5070B9', 'Report', 'reports/27.jpg', '27.jpg', 'Medical Report', 'Report uploaded for patient 143', '2025-02-16 16:13:45'),
(482, 'PAT-2026-5070B9', 'Prescription', 'prescriptions/39.jpg', '39.jpg', 'Prescription Image', 'Prescription uploaded for patient 143', '2025-02-08 16:13:45'),
(483, 'PAT-2026-5070B9', 'Report', 'reports/28.jpg', '28.jpg', 'Medical Report', 'Report uploaded for patient 143', '2025-02-23 16:13:45'),
(484, 'PAT-2026-4363EC', 'Prescription', 'prescriptions/18.jpg', '18.jpg', 'Prescription Image', 'Prescription uploaded for patient 144', '2025-01-16 16:13:45'),
(485, 'PAT-2026-4363EC', 'Report', 'reports/48.jpg', '48.jpg', 'Medical Report', 'Report uploaded for patient 144', '2025-02-05 16:13:45'),
(486, 'PAT-2026-4363EC', 'Report', 'reports/49.jpg', '49.jpg', 'Medical Report', 'Report uploaded for patient 144', '2025-11-09 16:13:45'),
(487, 'PAT-2026-887BA1', 'Prescription', 'prescriptions/26.jpg', '26.jpg', 'Prescription Image', 'Prescription uploaded for patient 145', '2025-05-07 16:13:45'),
(488, 'PAT-2026-887BA1', 'Report', 'reports/32.jpg', '32.jpg', 'Medical Report', 'Report uploaded for patient 145', '2025-01-16 16:13:45'),
(489, 'PAT-2026-887BA1', 'Prescription', 'prescriptions/8.jpg', '8.jpg', 'Prescription Image', 'Prescription uploaded for patient 145', '2025-09-20 16:13:45'),
(490, 'PAT-2026-887BA1', 'Prescription', 'prescriptions/47.jpg', '47.jpg', 'Prescription Image', 'Prescription uploaded for patient 145', '2025-02-11 16:13:45'),
(491, 'PAT-2026-B71C60', 'Report', 'reports/19.jpg', '19.jpg', 'Medical Report', 'Report uploaded for patient 146', '2025-10-21 16:13:45'),
(492, 'PAT-2026-B71C60', 'MRI', 'mri/22.jpg', '22.jpg', 'MRI Scan', 'MRI uploaded for patient 146', '2025-10-01 16:13:45'),
(493, 'PAT-2026-80BEB6', 'Report', 'reports/25.jpg', '25.jpg', 'Medical Report', 'Report uploaded for patient 147', '2026-01-08 16:13:45'),
(494, 'PAT-2026-80BEB6', 'Report', 'reports/41.jpg', '41.jpg', 'Medical Report', 'Report uploaded for patient 147', '2025-07-05 16:13:45'),
(495, 'PAT-2026-80BEB6', 'MRI', 'mri/6.jpg', '6.jpg', 'MRI Scan', 'MRI uploaded for patient 147', '2025-04-16 16:13:45'),
(496, 'PAT-2026-E4F39B', 'Prescription', 'prescriptions/13.jpg', '13.jpg', 'Prescription Image', 'Prescription uploaded for patient 148', '2025-10-20 16:13:45'),
(497, 'PAT-2026-E4F39B', 'Prescription', 'prescriptions/43.jpg', '43.jpg', 'Prescription Image', 'Prescription uploaded for patient 148', '2025-08-09 16:13:45'),
(498, 'PAT-2026-E4F39B', 'MRI', 'mri/47.jpg', '47.jpg', 'MRI Scan', 'MRI uploaded for patient 148', '2025-04-26 16:13:45'),
(499, 'PAT-2026-E4F39B', 'Prescription', 'prescriptions/1.jpg', '1.jpg', 'Prescription Image', 'Prescription uploaded for patient 148', '2025-04-16 16:13:45'),
(500, 'PAT-2026-E4F39B', 'MRI', 'mri/16.jpg', '16.jpg', 'MRI Scan', 'MRI uploaded for patient 148', '2025-06-17 16:13:45'),
(501, 'PAT-2026-5D0916', 'MRI', 'mri/42.jpg', '42.jpg', 'MRI Scan', 'MRI uploaded for patient 149', '2025-11-13 16:13:45'),
(502, 'PAT-2026-5D0916', 'MRI', 'mri/11.jpg', '11.jpg', 'MRI Scan', 'MRI uploaded for patient 149', '2025-08-29 16:13:45'),
(503, 'PAT-2026-5D0916', 'Prescription', 'prescriptions/16.jpg', '16.jpg', 'Prescription Image', 'Prescription uploaded for patient 149', '2025-11-07 16:13:45'),
(504, 'PAT-2026-5D0916', 'MRI', 'mri/19.jpg', '19.jpg', 'MRI Scan', 'MRI uploaded for patient 149', '2025-12-17 16:13:45'),
(505, 'PAT-2026-5D0916', 'MRI', 'mri/20.jpg', '20.jpg', 'MRI Scan', 'MRI uploaded for patient 149', '2025-12-05 16:13:45'),
(506, 'PAT-2026-BB4E7D', 'Report', 'reports/2.jpg', '2.jpg', 'Medical Report', 'Report uploaded for patient 150', '2025-06-03 16:13:45'),
(507, 'PAT-2026-BB4E7D', 'Prescription', 'prescriptions/8.jpg', '8.jpg', 'Prescription Image', 'Prescription uploaded for patient 150', '2025-12-01 16:13:45'),
(508, 'PAT-2026-BB4E7D', 'Report', 'reports/34.jpg', '34.jpg', 'Medical Report', 'Report uploaded for patient 150', '2025-02-15 16:13:45'),
(509, 'PAT-2026-BB4E7D', 'Report', 'reports/28.jpg', '28.jpg', 'Medical Report', 'Report uploaded for patient 150', '2025-08-18 16:13:45'),
(510, 'PAT-2026-00EACB', 'MRI', 'mri/17.jpg', '17.jpg', 'MRI Scan', 'MRI uploaded for patient 151', '2026-01-05 16:13:45'),
(511, 'PAT-2026-00EACB', 'MRI', 'mri/30.jpg', '30.jpg', 'MRI Scan', 'MRI uploaded for patient 151', '2025-04-24 16:13:45'),
(512, 'PAT-2026-BBBE74', 'Prescription', 'prescriptions/18.jpg', '18.jpg', 'Prescription Image', 'Prescription uploaded for patient 152', '2025-08-05 16:13:45'),
(513, 'PAT-2026-BBBE74', 'MRI', 'mri/36.jpg', '36.jpg', 'MRI Scan', 'MRI uploaded for patient 152', '2025-02-24 16:13:45'),
(514, 'PAT-2026-BBBE74', 'Prescription', 'prescriptions/46.jpg', '46.jpg', 'Prescription Image', 'Prescription uploaded for patient 152', '2025-01-25 16:13:45'),
(515, 'PAT-2026-B1EE74', 'Prescription', 'prescriptions/1.jpg', '1.jpg', 'Prescription Image', 'Prescription uploaded for patient 153', '2025-06-11 16:13:45'),
(516, 'PAT-2026-B1EE74', 'Prescription', 'prescriptions/47.jpg', '47.jpg', 'Prescription Image', 'Prescription uploaded for patient 153', '2025-06-17 16:13:45'),
(517, 'PAT-2026-B1EE74', 'Report', 'reports/9.jpg', '9.jpg', 'Medical Report', 'Report uploaded for patient 153', '2025-04-19 16:13:45'),
(518, 'PAT-2026-21150B', 'Prescription', 'prescriptions/25.jpg', '25.jpg', 'Prescription Image', 'Prescription uploaded for patient 154', '2025-03-21 16:13:45'),
(519, 'PAT-2026-21150B', 'Prescription', 'prescriptions/36.jpg', '36.jpg', 'Prescription Image', 'Prescription uploaded for patient 154', '2025-06-17 16:13:45'),
(520, 'PAT-2026-21150B', 'Report', 'reports/38.jpg', '38.jpg', 'Medical Report', 'Report uploaded for patient 154', '2025-02-15 16:13:45'),
(521, 'PAT-2026-21150B', 'MRI', 'mri/27.jpg', '27.jpg', 'MRI Scan', 'MRI uploaded for patient 154', '2025-12-31 16:13:45'),
(522, 'PAT-2026-69E3F5', 'Prescription', 'prescriptions/7.jpg', '7.jpg', 'Prescription Image', 'Prescription uploaded for patient 155', '2025-04-07 16:13:45'),
(523, 'PAT-2026-69E3F5', 'Report', 'reports/37.jpg', '37.jpg', 'Medical Report', 'Report uploaded for patient 155', '2025-01-27 16:13:45'),
(524, 'PAT-2026-69E3F5', 'Report', 'reports/48.jpg', '48.jpg', 'Medical Report', 'Report uploaded for patient 155', '2025-03-15 16:13:45'),
(525, 'PAT-2026-69E3F5', 'Prescription', 'prescriptions/29.jpg', '29.jpg', 'Prescription Image', 'Prescription uploaded for patient 155', '2025-12-30 16:13:45'),
(526, 'PAT-2026-8C4D39', 'Prescription', 'prescriptions/12.jpg', '12.jpg', 'Prescription Image', 'Prescription uploaded for patient 156', '2025-01-12 16:13:45'),
(527, 'PAT-2026-8C4D39', 'Report', 'reports/47.jpg', '47.jpg', 'Medical Report', 'Report uploaded for patient 156', '2025-12-29 16:13:45'),
(528, 'PAT-2026-8C4D39', 'Prescription', 'prescriptions/23.jpg', '23.jpg', 'Prescription Image', 'Prescription uploaded for patient 156', '2025-10-27 16:13:45'),
(529, 'PAT-2026-084883', 'Report', 'reports/35.jpg', '35.jpg', 'Medical Report', 'Report uploaded for patient 157', '2025-11-24 16:13:45'),
(530, 'PAT-2026-084883', 'Report', 'reports/21.jpg', '21.jpg', 'Medical Report', 'Report uploaded for patient 157', '2025-08-07 16:13:45'),
(531, 'PAT-2026-084883', 'MRI', 'mri/9.jpg', '9.jpg', 'MRI Scan', 'MRI uploaded for patient 157', '2025-09-16 16:13:45'),
(532, 'PAT-2026-084883', 'MRI', 'mri/13.jpg', '13.jpg', 'MRI Scan', 'MRI uploaded for patient 157', '2025-09-25 16:13:45'),
(533, 'PAT-2026-084883', 'Report', 'reports/18.jpg', '18.jpg', 'Medical Report', 'Report uploaded for patient 157', '2025-05-23 16:13:45'),
(534, 'PAT-2026-859BB9', 'Prescription', 'prescriptions/8.jpg', '8.jpg', 'Prescription Image', 'Prescription uploaded for patient 158', '2025-03-22 16:13:45'),
(535, 'PAT-2026-859BB9', 'Report', 'reports/17.jpg', '17.jpg', 'Medical Report', 'Report uploaded for patient 158', '2025-03-29 16:13:45'),
(536, 'PAT-2026-859BB9', 'Report', 'reports/21.jpg', '21.jpg', 'Medical Report', 'Report uploaded for patient 158', '2025-04-08 16:13:45'),
(537, 'PAT-2026-D09DC2', 'Prescription', 'prescriptions/46.jpg', '46.jpg', 'Prescription Image', 'Prescription uploaded for patient 159', '2025-06-20 16:13:45'),
(538, 'PAT-2026-D09DC2', 'Prescription', 'prescriptions/34.jpg', '34.jpg', 'Prescription Image', 'Prescription uploaded for patient 159', '2025-06-08 16:13:45'),
(539, 'PAT-2026-D09DC2', 'Report', 'reports/9.jpg', '9.jpg', 'Medical Report', 'Report uploaded for patient 159', '2025-06-03 16:13:45'),
(540, 'PAT-2026-D09DC2', 'Report', 'reports/28.jpg', '28.jpg', 'Medical Report', 'Report uploaded for patient 159', '2025-03-10 16:13:45'),
(541, 'PAT-2026-6EB518', 'MRI', 'mri/9.jpg', '9.jpg', 'MRI Scan', 'MRI uploaded for patient 160', '2025-10-01 16:13:45'),
(542, 'PAT-2026-6EB518', 'MRI', 'mri/9.jpg', '9.jpg', 'MRI Scan', 'MRI uploaded for patient 160', '2025-08-15 16:13:45'),
(543, 'PAT-2026-6EB518', 'MRI', 'mri/36.jpg', '36.jpg', 'MRI Scan', 'MRI uploaded for patient 160', '2025-04-08 16:13:45'),
(544, 'PAT-2026-6EB518', 'Prescription', 'prescriptions/34.jpg', '34.jpg', 'Prescription Image', 'Prescription uploaded for patient 160', '2025-07-02 16:13:45'),
(545, 'PAT-2026-A8223C', 'MRI', 'mri/16.jpg', '16.jpg', 'MRI Scan', 'MRI uploaded for patient 161', '2025-11-03 16:13:45'),
(546, 'PAT-2026-A8223C', 'Report', 'reports/20.jpg', '20.jpg', 'Medical Report', 'Report uploaded for patient 161', '2025-10-04 16:13:45'),
(547, 'PAT-2026-56CE95', 'Prescription', 'prescriptions/2.jpg', '2.jpg', 'Prescription Image', 'Prescription uploaded for patient 162', '2025-06-15 16:13:45'),
(548, 'PAT-2026-56CE95', 'MRI', 'mri/45.jpg', '45.jpg', 'MRI Scan', 'MRI uploaded for patient 162', '2025-09-17 16:13:45'),
(549, 'PAT-2026-56CE95', 'MRI', 'mri/31.jpg', '31.jpg', 'MRI Scan', 'MRI uploaded for patient 162', '2025-06-01 16:13:45'),
(550, 'PAT-2026-0F38FB', 'Prescription', 'prescriptions/31.jpg', '31.jpg', 'Prescription Image', 'Prescription uploaded for patient 163', '2025-01-22 16:13:45'),
(551, 'PAT-2026-0F38FB', 'Prescription', 'prescriptions/8.jpg', '8.jpg', 'Prescription Image', 'Prescription uploaded for patient 163', '2025-07-19 16:13:45'),
(552, 'PAT-2026-0F38FB', 'Report', 'reports/33.jpg', '33.jpg', 'Medical Report', 'Report uploaded for patient 163', '2025-08-16 16:13:45'),
(553, 'PAT-2026-C5DFBD', 'Report', 'reports/12.jpg', '12.jpg', 'Medical Report', 'Report uploaded for patient 164', '2025-12-05 16:13:45'),
(554, 'PAT-2026-C5DFBD', 'MRI', 'mri/27.jpg', '27.jpg', 'MRI Scan', 'MRI uploaded for patient 164', '2025-10-11 16:13:45'),
(555, 'PAT-2026-2E04DB', 'Prescription', 'prescriptions/5.jpg', '5.jpg', 'Prescription Image', 'Prescription uploaded for patient 165', '2025-07-29 16:13:45'),
(556, 'PAT-2026-2E04DB', 'MRI', 'mri/35.jpg', '35.jpg', 'MRI Scan', 'MRI uploaded for patient 165', '2025-11-27 16:13:45'),
(557, 'PAT-2026-09150F', 'MRI', 'mri/21.jpg', '21.jpg', 'MRI Scan', 'MRI uploaded for patient 166', '2025-10-07 16:13:45'),
(558, 'PAT-2026-09150F', 'Report', 'reports/15.jpg', '15.jpg', 'Medical Report', 'Report uploaded for patient 166', '2025-07-09 16:13:45'),
(559, 'PAT-2026-09150F', 'MRI', 'mri/11.jpg', '11.jpg', 'MRI Scan', 'MRI uploaded for patient 166', '2025-01-28 16:13:45'),
(560, 'PAT-2026-8CD899', 'Report', 'reports/39.jpg', '39.jpg', 'Medical Report', 'Report uploaded for patient 167', '2025-09-22 16:13:45'),
(561, 'PAT-2026-8CD899', 'MRI', 'mri/42.jpg', '42.jpg', 'MRI Scan', 'MRI uploaded for patient 167', '2025-05-27 16:13:45'),
(562, 'PAT-2026-D8455D', 'MRI', 'mri/40.jpg', '40.jpg', 'MRI Scan', 'MRI uploaded for patient 168', '2025-06-21 16:13:45'),
(563, 'PAT-2026-D8455D', 'Prescription', 'prescriptions/30.jpg', '30.jpg', 'Prescription Image', 'Prescription uploaded for patient 168', '2025-06-02 16:13:45'),
(564, 'PAT-2026-AF913F', 'MRI', 'mri/37.jpg', '37.jpg', 'MRI Scan', 'MRI uploaded for patient 169', '2025-05-29 16:13:45'),
(565, 'PAT-2026-AF913F', 'Report', 'reports/33.jpg', '33.jpg', 'Medical Report', 'Report uploaded for patient 169', '2025-06-01 16:13:45'),
(566, 'PAT-2026-AF913F', 'MRI', 'mri/16.jpg', '16.jpg', 'MRI Scan', 'MRI uploaded for patient 169', '2025-11-05 16:13:45'),
(567, 'PAT-2026-AF913F', 'Prescription', 'prescriptions/15.jpg', '15.jpg', 'Prescription Image', 'Prescription uploaded for patient 169', '2025-05-09 16:13:45'),
(568, 'PAT-2026-BBB240', 'MRI', 'mri/24.jpg', '24.jpg', 'MRI Scan', 'MRI uploaded for patient 170', '2025-11-24 16:13:45'),
(569, 'PAT-2026-BBB240', 'Prescription', 'prescriptions/27.jpg', '27.jpg', 'Prescription Image', 'Prescription uploaded for patient 170', '2025-05-25 16:13:45'),
(570, 'PAT-2026-BBB240', 'Report', 'reports/41.jpg', '41.jpg', 'Medical Report', 'Report uploaded for patient 170', '2025-12-05 16:13:45'),
(571, 'PAT-2026-09179F', 'Prescription', 'prescriptions/32.jpg', '32.jpg', 'Prescription Image', 'Prescription uploaded for patient 171', '2025-09-09 16:13:45'),
(572, 'PAT-2026-09179F', 'Report', 'reports/6.jpg', '6.jpg', 'Medical Report', 'Report uploaded for patient 171', '2025-05-02 16:13:45'),
(573, 'PAT-2026-09179F', 'Report', 'reports/30.jpg', '30.jpg', 'Medical Report', 'Report uploaded for patient 171', '2025-09-09 16:13:45'),
(574, 'PAT-2026-09179F', 'Prescription', 'prescriptions/47.jpg', '47.jpg', 'Prescription Image', 'Prescription uploaded for patient 171', '2025-12-11 16:13:45'),
(575, 'PAT-2026-234FD3', 'Prescription', 'prescriptions/44.jpg', '44.jpg', 'Prescription Image', 'Prescription uploaded for patient 172', '2025-06-17 16:13:45'),
(576, 'PAT-2026-234FD3', 'MRI', 'mri/26.jpg', '26.jpg', 'MRI Scan', 'MRI uploaded for patient 172', '2025-12-19 16:13:45'),
(577, 'PAT-2026-234FD3', 'Report', 'reports/36.jpg', '36.jpg', 'Medical Report', 'Report uploaded for patient 172', '2025-04-28 16:13:45'),
(578, 'PAT-2026-234FD3', 'Report', 'reports/13.jpg', '13.jpg', 'Medical Report', 'Report uploaded for patient 172', '2025-07-08 16:13:45'),
(579, 'PAT-2026-234FD3', 'Report', 'reports/18.jpg', '18.jpg', 'Medical Report', 'Report uploaded for patient 172', '2025-05-31 16:13:45'),
(580, 'PAT-2026-DCE864', 'MRI', 'mri/2.jpg', '2.jpg', 'MRI Scan', 'MRI uploaded for patient 173', '2025-05-15 16:13:45'),
(581, 'PAT-2026-DCE864', 'MRI', 'mri/33.jpg', '33.jpg', 'MRI Scan', 'MRI uploaded for patient 173', '2025-06-23 16:13:45'),
(582, 'PAT-2026-DCE864', 'Prescription', 'prescriptions/26.jpg', '26.jpg', 'Prescription Image', 'Prescription uploaded for patient 173', '2025-02-01 16:13:45'),
(583, 'PAT-2026-DCE864', 'MRI', 'mri/15.jpg', '15.jpg', 'MRI Scan', 'MRI uploaded for patient 173', '2026-01-06 16:13:45'),
(584, 'PAT-2026-584446', 'MRI', 'mri/48.jpg', '48.jpg', 'MRI Scan', 'MRI uploaded for patient 174', '2025-06-01 16:13:45'),
(585, 'PAT-2026-584446', 'Report', 'reports/37.jpg', '37.jpg', 'Medical Report', 'Report uploaded for patient 174', '2025-07-24 16:13:45'),
(586, 'PAT-2026-D426CB', 'MRI', 'mri/48.jpg', '48.jpg', 'MRI Scan', 'MRI uploaded for patient 175', '2025-08-07 16:13:45'),
(587, 'PAT-2026-D426CB', 'Prescription', 'prescriptions/18.jpg', '18.jpg', 'Prescription Image', 'Prescription uploaded for patient 175', '2025-01-13 16:13:45'),
(588, 'PAT-2026-D426CB', 'Report', 'reports/2.jpg', '2.jpg', 'Medical Report', 'Report uploaded for patient 175', '2025-01-16 16:13:45'),
(589, 'PAT-2026-18F285', 'Report', 'reports/26.jpg', '26.jpg', 'Medical Report', 'Report uploaded for patient 176', '2025-07-03 16:13:45'),
(590, 'PAT-2026-18F285', 'Report', 'reports/9.jpg', '9.jpg', 'Medical Report', 'Report uploaded for patient 176', '2025-06-28 16:13:45'),
(591, 'PAT-2026-18F285', 'Prescription', 'prescriptions/27.jpg', '27.jpg', 'Prescription Image', 'Prescription uploaded for patient 176', '2025-07-08 16:13:45'),
(592, 'PAT-2026-18F285', 'Report', 'reports/20.jpg', '20.jpg', 'Medical Report', 'Report uploaded for patient 176', '2025-08-27 16:13:45'),
(593, 'PAT-2026-F9DE98', 'MRI', 'mri/20.jpg', '20.jpg', 'MRI Scan', 'MRI uploaded for patient 177', '2025-07-09 16:13:45'),
(594, 'PAT-2026-F9DE98', 'Prescription', 'prescriptions/4.jpg', '4.jpg', 'Prescription Image', 'Prescription uploaded for patient 177', '2025-09-16 16:13:45'),
(595, 'PAT-2026-F9DE98', 'Report', 'reports/6.jpg', '6.jpg', 'Medical Report', 'Report uploaded for patient 177', '2025-12-08 16:13:45'),
(596, 'PAT-2026-B82367', 'MRI', 'mri/44.jpg', '44.jpg', 'MRI Scan', 'MRI uploaded for patient 178', '2025-02-18 16:13:45'),
(597, 'PAT-2026-B82367', 'MRI', 'mri/39.jpg', '39.jpg', 'MRI Scan', 'MRI uploaded for patient 178', '2025-10-06 16:13:45'),
(598, 'PAT-2026-B82367', 'MRI', 'mri/45.jpg', '45.jpg', 'MRI Scan', 'MRI uploaded for patient 178', '2025-06-28 16:13:45'),
(599, 'PAT-2026-A64713', 'Report', 'reports/33.jpg', '33.jpg', 'Medical Report', 'Report uploaded for patient 179', '2025-09-23 16:13:45'),
(600, 'PAT-2026-A64713', 'Prescription', 'prescriptions/33.jpg', '33.jpg', 'Prescription Image', 'Prescription uploaded for patient 179', '2025-06-19 16:13:45'),
(601, 'PAT-2026-A64713', 'MRI', 'mri/35.jpg', '35.jpg', 'MRI Scan', 'MRI uploaded for patient 179', '2025-11-24 16:13:45'),
(602, 'PAT-2026-E8F1B2', 'MRI', 'mri/44.jpg', '44.jpg', 'MRI Scan', 'MRI uploaded for patient 180', '2025-02-26 16:13:45'),
(603, 'PAT-2026-E8F1B2', 'Report', 'reports/22.jpg', '22.jpg', 'Medical Report', 'Report uploaded for patient 180', '2025-10-22 16:13:45'),
(604, 'PAT-2026-E8F1B2', 'MRI', 'mri/14.jpg', '14.jpg', 'MRI Scan', 'MRI uploaded for patient 180', '2025-12-31 16:13:45'),
(605, 'PAT-2026-AEB520', 'MRI', 'mri/41.jpg', '41.jpg', 'MRI Scan', 'MRI uploaded for patient 181', '2025-08-22 16:13:45'),
(606, 'PAT-2026-AEB520', 'Report', 'reports/31.jpg', '31.jpg', 'Medical Report', 'Report uploaded for patient 181', '2025-07-28 16:13:45'),
(607, 'PAT-2026-AEB520', 'Report', 'reports/37.jpg', '37.jpg', 'Medical Report', 'Report uploaded for patient 181', '2025-10-18 16:13:45'),
(608, 'PAT-2026-AEB520', 'Prescription', 'prescriptions/31.jpg', '31.jpg', 'Prescription Image', 'Prescription uploaded for patient 181', '2025-10-08 16:13:45'),
(609, 'PAT-2026-AEB520', 'Prescription', 'prescriptions/38.jpg', '38.jpg', 'Prescription Image', 'Prescription uploaded for patient 181', '2025-12-10 16:13:45'),
(610, 'PAT-2026-1C2D1F', 'Prescription', 'prescriptions/2.jpg', '2.jpg', 'Prescription Image', 'Prescription uploaded for patient 182', '2025-04-03 16:13:45'),
(611, 'PAT-2026-1C2D1F', 'Report', 'reports/8.jpg', '8.jpg', 'Medical Report', 'Report uploaded for patient 182', '2025-07-27 16:13:45'),
(612, 'PAT-2026-1C2D1F', 'Report', 'reports/8.jpg', '8.jpg', 'Medical Report', 'Report uploaded for patient 182', '2025-12-19 16:13:45'),
(613, 'PAT-2026-1C2D1F', 'Prescription', 'prescriptions/27.jpg', '27.jpg', 'Prescription Image', 'Prescription uploaded for patient 182', '2025-05-03 16:13:45'),
(614, 'PAT-2026-1C2D1F', 'Report', 'reports/3.jpg', '3.jpg', 'Medical Report', 'Report uploaded for patient 182', '2025-10-14 16:13:45'),
(615, 'PAT-2026-68AA24', 'Prescription', 'prescriptions/36.jpg', '36.jpg', 'Prescription Image', 'Prescription uploaded for patient 183', '2025-08-21 16:13:45'),
(616, 'PAT-2026-68AA24', 'Report', 'reports/18.jpg', '18.jpg', 'Medical Report', 'Report uploaded for patient 183', '2025-02-28 16:13:45'),
(617, 'PAT-2026-68AA24', 'Prescription', 'prescriptions/17.jpg', '17.jpg', 'Prescription Image', 'Prescription uploaded for patient 183', '2025-08-11 16:13:45'),
(618, 'PAT-2026-68AA24', 'Prescription', 'prescriptions/41.jpg', '41.jpg', 'Prescription Image', 'Prescription uploaded for patient 183', '2025-05-12 16:13:45'),
(619, 'PAT-2026-68AA24', 'Report', 'reports/16.jpg', '16.jpg', 'Medical Report', 'Report uploaded for patient 183', '2025-01-15 16:13:45'),
(620, 'PAT-2026-10E802', 'MRI', 'mri/44.jpg', '44.jpg', 'MRI Scan', 'MRI uploaded for patient 184', '2025-01-21 16:13:45'),
(621, 'PAT-2026-10E802', 'MRI', 'mri/31.jpg', '31.jpg', 'MRI Scan', 'MRI uploaded for patient 184', '2025-12-02 16:13:45'),
(622, 'PAT-2026-10E802', 'Report', 'reports/44.jpg', '44.jpg', 'Medical Report', 'Report uploaded for patient 184', '2025-03-27 16:13:45'),
(623, 'PAT-2026-10E802', 'MRI', 'mri/9.jpg', '9.jpg', 'MRI Scan', 'MRI uploaded for patient 184', '2025-11-23 16:13:45'),
(624, 'PAT-2026-10E802', 'MRI', 'mri/25.jpg', '25.jpg', 'MRI Scan', 'MRI uploaded for patient 184', '2025-10-22 16:13:45'),
(625, 'PAT-2026-314244', 'Report', 'reports/32.jpg', '32.jpg', 'Medical Report', 'Report uploaded for patient 185', '2025-06-29 16:13:45'),
(626, 'PAT-2026-314244', 'MRI', 'mri/17.jpg', '17.jpg', 'MRI Scan', 'MRI uploaded for patient 185', '2025-04-25 16:13:45'),
(627, 'PAT-2026-314244', 'MRI', 'mri/24.jpg', '24.jpg', 'MRI Scan', 'MRI uploaded for patient 185', '2025-04-28 16:13:45'),
(628, 'PAT-2026-314244', 'Report', 'reports/10.jpg', '10.jpg', 'Medical Report', 'Report uploaded for patient 185', '2025-06-21 16:13:45'),
(629, 'PAT-2026-314244', 'MRI', 'mri/3.jpg', '3.jpg', 'MRI Scan', 'MRI uploaded for patient 185', '2025-04-04 16:13:45'),
(630, 'PAT-2026-E7E362', 'Prescription', 'prescriptions/29.jpg', '29.jpg', 'Prescription Image', 'Prescription uploaded for patient 186', '2025-12-11 16:13:45'),
(631, 'PAT-2026-E7E362', 'MRI', 'mri/21.jpg', '21.jpg', 'MRI Scan', 'MRI uploaded for patient 186', '2025-08-09 16:13:45'),
(632, 'PAT-2026-E7E362', 'Prescription', 'prescriptions/47.jpg', '47.jpg', 'Prescription Image', 'Prescription uploaded for patient 186', '2025-05-05 16:13:45'),
(633, 'PAT-2026-E7E362', 'Prescription', 'prescriptions/9.jpg', '9.jpg', 'Prescription Image', 'Prescription uploaded for patient 186', '2025-11-20 16:13:45'),
(634, 'PAT-2026-E7E362', 'Report', 'reports/13.jpg', '13.jpg', 'Medical Report', 'Report uploaded for patient 186', '2025-04-22 16:13:45'),
(635, 'PAT-2026-764ACA', 'MRI', 'mri/40.jpg', '40.jpg', 'MRI Scan', 'MRI uploaded for patient 187', '2025-12-24 16:13:45'),
(636, 'PAT-2026-764ACA', 'Report', 'reports/19.jpg', '19.jpg', 'Medical Report', 'Report uploaded for patient 187', '2025-11-14 16:13:45'),
(637, 'PAT-2026-764ACA', 'Report', 'reports/22.jpg', '22.jpg', 'Medical Report', 'Report uploaded for patient 187', '2025-11-22 16:13:45'),
(638, 'PAT-2026-F62448', 'MRI', 'mri/8.jpg', '8.jpg', 'MRI Scan', 'MRI uploaded for patient 188', '2025-02-01 16:13:45'),
(639, 'PAT-2026-F62448', 'Prescription', 'prescriptions/27.jpg', '27.jpg', 'Prescription Image', 'Prescription uploaded for patient 188', '2025-01-14 16:13:45'),
(640, 'PAT-2026-FA0736', 'Report', 'reports/14.jpg', '14.jpg', 'Medical Report', 'Report uploaded for patient 189', '2025-03-09 16:13:45'),
(641, 'PAT-2026-FA0736', 'Prescription', 'prescriptions/7.jpg', '7.jpg', 'Prescription Image', 'Prescription uploaded for patient 189', '2025-12-10 16:13:45'),
(642, 'PAT-2026-99BC72', 'Prescription', 'prescriptions/20.jpg', '20.jpg', 'Prescription Image', 'Prescription uploaded for patient 190', '2025-02-27 16:13:45'),
(643, 'PAT-2026-99BC72', 'Prescription', 'prescriptions/5.jpg', '5.jpg', 'Prescription Image', 'Prescription uploaded for patient 190', '2025-05-28 16:13:45'),
(644, 'PAT-2026-99BC72', 'MRI', 'mri/6.jpg', '6.jpg', 'MRI Scan', 'MRI uploaded for patient 190', '2025-04-29 16:13:45'),
(645, 'PAT-2026-99BC72', 'Prescription', 'prescriptions/50.jpg', '50.jpg', 'Prescription Image', 'Prescription uploaded for patient 190', '2025-09-24 16:13:45'),
(646, 'PAT-2026-99BC72', 'Prescription', 'prescriptions/16.jpg', '16.jpg', 'Prescription Image', 'Prescription uploaded for patient 190', '2025-12-05 16:13:45'),
(647, 'PAT-2026-485D25', 'Report', 'reports/9.jpg', '9.jpg', 'Medical Report', 'Report uploaded for patient 191', '2025-07-30 16:13:45'),
(648, 'PAT-2026-485D25', 'MRI', 'mri/36.jpg', '36.jpg', 'MRI Scan', 'MRI uploaded for patient 191', '2025-10-17 16:13:45'),
(649, 'PAT-2026-485D25', 'Prescription', 'prescriptions/34.jpg', '34.jpg', 'Prescription Image', 'Prescription uploaded for patient 191', '2025-08-31 16:13:45'),
(650, 'PAT-2026-4CA5A1', 'Prescription', 'prescriptions/50.jpg', '50.jpg', 'Prescription Image', 'Prescription uploaded for patient 192', '2025-08-05 16:13:45'),
(651, 'PAT-2026-4CA5A1', 'Report', 'reports/48.jpg', '48.jpg', 'Medical Report', 'Report uploaded for patient 192', '2025-01-13 16:13:45'),
(652, 'PAT-2026-4CA5A1', 'MRI', 'mri/6.jpg', '6.jpg', 'MRI Scan', 'MRI uploaded for patient 192', '2026-01-09 16:13:45'),
(653, 'PAT-2026-4CA5A1', 'MRI', 'mri/1.jpg', '1.jpg', 'MRI Scan', 'MRI uploaded for patient 192', '2025-09-03 16:13:45'),
(654, 'PAT-2026-D280B0', 'MRI', 'mri/43.jpg', '43.jpg', 'MRI Scan', 'MRI uploaded for patient 193', '2025-05-20 16:13:45'),
(655, 'PAT-2026-D280B0', 'Report', 'reports/4.jpg', '4.jpg', 'Medical Report', 'Report uploaded for patient 193', '2025-07-21 16:13:45'),
(656, 'PAT-2026-D280B0', 'Report', 'reports/30.jpg', '30.jpg', 'Medical Report', 'Report uploaded for patient 193', '2025-07-01 16:13:45'),
(657, 'PAT-2026-D280B0', 'Report', 'reports/21.jpg', '21.jpg', 'Medical Report', 'Report uploaded for patient 193', '2025-07-27 16:13:45'),
(658, 'PAT-2026-B3E6A0', 'Prescription', 'prescriptions/8.jpg', '8.jpg', 'Prescription Image', 'Prescription uploaded for patient 194', '2025-05-17 16:13:45'),
(659, 'PAT-2026-B3E6A0', 'Prescription', 'prescriptions/26.jpg', '26.jpg', 'Prescription Image', 'Prescription uploaded for patient 194', '2025-10-02 16:13:45'),
(660, 'PAT-2026-B3E6A0', 'Report', 'reports/40.jpg', '40.jpg', 'Medical Report', 'Report uploaded for patient 194', '2025-08-02 16:13:45'),
(661, 'PAT-2026-B3E6A0', 'Report', 'reports/40.jpg', '40.jpg', 'Medical Report', 'Report uploaded for patient 194', '2025-11-11 16:13:45'),
(662, 'PAT-2026-31C485', 'MRI', 'mri/50.jpg', '50.jpg', 'MRI Scan', 'MRI uploaded for patient 195', '2025-08-08 16:13:45'),
(663, 'PAT-2026-31C485', 'Report', 'reports/37.jpg', '37.jpg', 'Medical Report', 'Report uploaded for patient 195', '2025-04-14 16:13:45'),
(664, 'PAT-2026-CEEE78', 'MRI', 'mri/48.jpg', '48.jpg', 'MRI Scan', 'MRI uploaded for patient 196', '2025-11-06 16:13:45'),
(665, 'PAT-2026-CEEE78', 'Report', 'reports/41.jpg', '41.jpg', 'Medical Report', 'Report uploaded for patient 196', '2025-01-22 16:13:45'),
(666, 'PAT-2026-CEEE78', 'Prescription', 'prescriptions/3.jpg', '3.jpg', 'Prescription Image', 'Prescription uploaded for patient 196', '2025-05-03 16:13:45'),
(667, 'PAT-2026-5E49BD', 'MRI', 'mri/4.jpg', '4.jpg', 'MRI Scan', 'MRI uploaded for patient 197', '2025-04-07 16:13:45'),
(668, 'PAT-2026-5E49BD', 'MRI', 'mri/7.jpg', '7.jpg', 'MRI Scan', 'MRI uploaded for patient 197', '2025-11-10 16:13:45'),
(669, 'PAT-2026-5E49BD', 'MRI', 'mri/19.jpg', '19.jpg', 'MRI Scan', 'MRI uploaded for patient 197', '2025-08-17 16:13:45'),
(670, 'PAT-2026-5E49BD', 'Report', 'reports/42.jpg', '42.jpg', 'Medical Report', 'Report uploaded for patient 197', '2025-05-19 16:13:45'),
(671, 'PAT-2026-DA51BE', 'MRI', 'mri/28.jpg', '28.jpg', 'MRI Scan', 'MRI uploaded for patient 198', '2025-11-18 16:13:45'),
(672, 'PAT-2026-DA51BE', 'MRI', 'mri/3.jpg', '3.jpg', 'MRI Scan', 'MRI uploaded for patient 198', '2026-01-09 16:13:45'),
(673, 'PAT-2026-DA51BE', 'MRI', 'mri/34.jpg', '34.jpg', 'MRI Scan', 'MRI uploaded for patient 198', '2025-02-12 16:13:45'),
(674, 'PAT-2026-2A2CB2', 'MRI', 'mri/26.jpg', '26.jpg', 'MRI Scan', 'MRI uploaded for patient 199', '2025-01-29 16:13:45'),
(675, 'PAT-2026-2A2CB2', 'Prescription', 'prescriptions/10.jpg', '10.jpg', 'Prescription Image', 'Prescription uploaded for patient 199', '2025-10-14 16:13:45'),
(676, 'PAT-2026-2A2CB2', 'Prescription', 'prescriptions/15.jpg', '15.jpg', 'Prescription Image', 'Prescription uploaded for patient 199', '2025-11-29 16:13:45'),
(677, 'PAT-2026-45FA27', 'Report', 'reports/17.jpg', '17.jpg', 'Medical Report', 'Report uploaded for patient 200', '2025-03-13 16:13:45'),
(678, 'PAT-2026-45FA27', 'Report', 'reports/4.jpg', '4.jpg', 'Medical Report', 'Report uploaded for patient 200', '2025-07-26 16:13:45'),
(679, 'PAT-2026-45FA27', 'Report', 'reports/19.jpg', '19.jpg', 'Medical Report', 'Report uploaded for patient 200', '2025-12-28 16:13:45'),
(680, 'PAT-2026-45FA27', 'Prescription', 'prescriptions/42.jpg', '42.jpg', 'Prescription Image', 'Prescription uploaded for patient 200', '2025-03-07 16:13:45'),
(681, 'PAT-2026-632F16', 'Report', 'reports/43.jpg', '43.jpg', 'Medical Report', 'Report uploaded for patient 201', '2025-03-15 16:13:45'),
(682, 'PAT-2026-632F16', 'Report', 'reports/50.jpg', '50.jpg', 'Medical Report', 'Report uploaded for patient 201', '2025-04-07 16:13:45'),
(683, 'PAT-2026-632F16', 'MRI', 'mri/48.jpg', '48.jpg', 'MRI Scan', 'MRI uploaded for patient 201', '2025-11-10 16:13:45');

--
-- Indexes for dumped tables
--

--
-- Indexes for table `appointments`
--
ALTER TABLE `appointments`
  ADD PRIMARY KEY (`id`),
  ADD KEY `doctor_id` (`doctor_id`);

--
-- Indexes for table `doctors`
--
ALTER TABLE `doctors`
  ADD PRIMARY KEY (`id`),
  ADD UNIQUE KEY `email` (`email`),
  ADD UNIQUE KEY `doctor_identity` (`doctor_identity`),
  ADD KEY `hospital_id` (`hospital_id`);

--
-- Indexes for table `doctor_availability`
--
ALTER TABLE `doctor_availability`
  ADD PRIMARY KEY (`id`),
  ADD KEY `doctor_id` (`doctor_id`);

--
-- Indexes for table `hospitals`
--
ALTER TABLE `hospitals`
  ADD PRIMARY KEY (`id`);

--
-- Indexes for table `patients`
--
ALTER TABLE `patients`
  ADD PRIMARY KEY (`user_id`),
  ADD UNIQUE KEY `uq_patients_patient_id` (`patient_id`);

--
-- Indexes for table `patient_images`
--
ALTER TABLE `patient_images`
  ADD PRIMARY KEY (`image_id`),
  ADD KEY `fk_patient_images_patient` (`patient_id`);

--
-- AUTO_INCREMENT for dumped tables
--

--
-- AUTO_INCREMENT for table `appointments`
--
ALTER TABLE `appointments`
  MODIFY `id` int(11) NOT NULL AUTO_INCREMENT, AUTO_INCREMENT=8;

--
-- AUTO_INCREMENT for table `doctors`
--
ALTER TABLE `doctors`
  MODIFY `id` int(11) NOT NULL AUTO_INCREMENT, AUTO_INCREMENT=17;

--
-- AUTO_INCREMENT for table `doctor_availability`
--
ALTER TABLE `doctor_availability`
  MODIFY `id` int(11) NOT NULL AUTO_INCREMENT, AUTO_INCREMENT=75;

--
-- AUTO_INCREMENT for table `hospitals`
--
ALTER TABLE `hospitals`
  MODIFY `id` int(11) NOT NULL AUTO_INCREMENT, AUTO_INCREMENT=6;

--
-- AUTO_INCREMENT for table `patients`
--
ALTER TABLE `patients`
  MODIFY `user_id` int(11) NOT NULL AUTO_INCREMENT, AUTO_INCREMENT=208;

--
-- AUTO_INCREMENT for table `patient_images`
--
ALTER TABLE `patient_images`
  MODIFY `image_id` int(11) NOT NULL AUTO_INCREMENT, AUTO_INCREMENT=684;

--
-- Constraints for dumped tables
--

--
-- Constraints for table `appointments`
--
ALTER TABLE `appointments`
  ADD CONSTRAINT `appointments_ibfk_1` FOREIGN KEY (`doctor_id`) REFERENCES `doctors` (`id`) ON DELETE CASCADE;

--
-- Constraints for table `doctors`
--
ALTER TABLE `doctors`
  ADD CONSTRAINT `doctors_ibfk_1` FOREIGN KEY (`hospital_id`) REFERENCES `hospitals` (`id`) ON DELETE SET NULL;

--
-- Constraints for table `doctor_availability`
--
ALTER TABLE `doctor_availability`
  ADD CONSTRAINT `doctor_availability_ibfk_1` FOREIGN KEY (`doctor_id`) REFERENCES `doctors` (`id`) ON DELETE CASCADE;

--
-- Constraints for table `patient_images`
--
ALTER TABLE `patient_images`
  ADD CONSTRAINT `fk_patient_images_patient` FOREIGN KEY (`patient_id`) REFERENCES `patients` (`patient_id`) ON DELETE CASCADE ON UPDATE CASCADE;
COMMIT;

/*!40101 SET CHARACTER_SET_CLIENT=@OLD_CHARACTER_SET_CLIENT */;
/*!40101 SET CHARACTER_SET_RESULTS=@OLD_CHARACTER_SET_RESULTS */;
/*!40101 SET COLLATION_CONNECTION=@OLD_COLLATION_CONNECTION */;
